time,open,high,low,close,Volume,volume
2019-03-12,34.92,34.92,34.92,34.92,,10000.0
2019-03-13,35.84,36.67,35.56,36.53,,20477364.0
2019-03-14,36.53,38.04,36.53,37.35,,6248563.0
2019-03-15,38.03,38.48,37.9,38.32,,7107258.0
2019-03-18,38.55,38.55,37.72,38.32,,4020942.0
2019-03-19,38.18,38.32,36.61,37.07,,10118472.0
2019-03-20,37.21,37.5,35.14,35.49,,15683238.0
2019-03-21,35.84,36.82,35.61,36.78,,12751732.0
2019-03-22,36.69,36.75,34.63,35.58,,10897994.0
2019-03-25,35.74,35.8,34.36,34.4,,9338926.0
2019-03-26,34.6,35.18,34.47,34.5,,6287100.0
2019-03-27,34.48,34.84,33.78,33.93,,5578118.0
2019-03-28,33.86,34.14,33.39,33.45,,5326238.0
2019-03-29,33.59,33.92,33.22,33.73,,5895347.0
2019-04-01,33.92,34.14,33.73,33.86,,5311201.0
2019-04-02,33.96,34.17,32.99,33.34,,6704831.0
2019-04-03,33.42,33.6,32.99,33.16,,8393708.0
2019-04-04,33.27,33.82,33.09,33.78,,4908406.0
2019-04-05,33.81,34.78,33.72,34.63,,7344894.0
2019-04-08,34.55,34.63,34.24,34.43,,3393260.0
2019-04-09,34.39,34.6,34.16,34.29,,5725894.0
2019-04-10,34.3,34.49,33.41,33.52,,4828362.0
2019-04-11,33.61,34.15,33.07,34.08,,4791432.0
2019-04-12,34.14,34.57,33.51,34.49,,6368477.0
2019-04-15,34.42,34.52,33.99,34.49,,3927062.0
2019-04-16,34.62,34.78,34.43,34.69,,5721982.0
2019-04-17,34.8,35.7,34.7,35.69,,7603795.0
2019-04-18,35.76,35.84,35.31,35.32,,4737418.0
2019-04-22,35.25,35.32,34.57,34.64,,7675316.0
2019-04-23,34.73,35.28,34.58,34.99,,6328827.0
2019-04-24,34.87,35.2,34.74,34.88,,5323550.0
2019-04-25,34.9,35.1,34.5,35.06,,5309675.0
2019-04-26,34.99,35.41,34.83,35.36,,5297417.0
2019-04-29,35.42,36.32,35.2,36.02,,6885177.0
2019-04-30,36.01,36.14,35.35,35.83,,5044352.0
2019-05-01,35.95,36.29,35.53,36.21,,5149829.0
2019-05-02,36.05,36.27,34.07,34.26,,11495855.0
2019-05-03,34.38,34.69,34.11,34.43,,4809763.0
2019-05-06,34.16,34.91,33.96,34.85,,4801609.0
2019-05-07,34.53,34.74,34.11,34.24,,6053297.0
2019-05-08,34.31,34.64,33.87,34.39,,8635285.0
2019-05-09,35.38,36.07,34.47,35.38,,15210152.0
2019-05-10,35.51,35.61,34.4,35.41,,6742528.0
2019-05-13,34.71,35.54,34.67,34.89,,5604035.0
2019-05-14,34.97,35.4,34.8,34.82,,6198619.0
2019-05-15,34.64,34.89,34.52,34.65,,2975433.0
2019-05-16,34.84,34.99,33.72,33.76,,8705008.0
2019-05-17,33.8,34.76,33.79,34.51,,5507954.0
2019-05-20,34.38,34.8,34.21,34.34,,3670004.0
2019-05-21,34.45,35.13,34.3,34.85,,4668608.0
2019-05-22,34.82,34.91,34.26,34.32,,3431178.0
2019-05-23,34.04,34.28,33.87,34.13,,4431862.0
2019-05-24,34.26,34.4,34.07,34.14,,2878988.0
2019-05-28,34.18,34.52,33.75,33.88,,4380381.0
2019-05-29,33.75,33.89,33.09,33.09,,3691294.0
2019-05-30,33.17,33.43,32.5,32.56,,4730387.0
2019-05-31,32.33,32.61,32.08,32.57,,6706125.0
2019-06-03,32.41,32.64,31.23,31.66,,7665044.0
2019-06-04,31.92,32.59,31.58,31.88,,8058934.0
2019-06-05,32.01,32.34,31.7,31.77,,6240649.0
2019-06-06,32.05,32.05,31.42,31.55,,5288296.0
2019-06-07,31.6,31.84,31.44,31.45,,4226794.0
2019-06-10,31.48,31.81,31.34,31.46,,5620499.0
2019-06-11,31.65,31.82,31.45,31.6,,3166916.0
2019-06-12,31.62,32.45,31.58,32.41,,4426934.0
2019-06-13,32.52,32.82,32.33,32.63,,4384777.0
2019-06-14,32.58,32.82,32.3,32.58,,4362353.0
2019-06-17,32.75,33.59,32.68,33.41,,7195391.0
2019-06-18,33.7,34.26,33.36,33.46,,4938850.0
2019-06-19,33.53,33.67,32.99,33.28,,4790143.0
2019-06-20,33.64,33.72,32.88,32.9,,5916524.0
2019-06-21,32.92,34.48,32.65,33.45,,11402191.0
2019-06-24,33.29,33.35,32.92,33.1,,5280111.0
2019-06-25,33.08,33.16,32.49,32.68,,7204375.0
2019-06-26,33.09,33.38,32.67,32.8,,4297292.0
2019-06-27,32.85,33.59,32.55,33.28,,5083896.0
2019-06-28,33.27,33.99,33.11,33.88,,10930138.0
2019-07-01,33.71,34.2,33.05,33.21,,6407228.0
2019-07-02,33.29,33.86,33.21,33.83,,3599546.0
2019-07-03,33.84,34.04,33.54,33.61,,3160332.0
2019-07-05,33.51,34.03,33.35,33.84,,1981977.0
2019-07-08,33.78,33.91,33.36,33.41,,1644620.0
2019-07-09,33.31,33.54,33.12,33.3,,2379561.0
2019-07-10,33.46,33.68,33.35,33.41,,2400697.0
2019-07-11,33.44,33.61,33.15,33.55,,2986996.0
2019-07-12,33.71,34.25,33.38,34.17,,2755739.0
2019-07-15,34.24,34.36,33.88,34.22,,2861593.0
2019-07-16,34.15,34.31,33.87,33.92,,2721520.0
2019-07-17,33.96,33.99,33.39,33.44,,5740483.0
2019-07-18,33.44,33.95,33.25,33.79,,5313845.0
2019-07-19,33.93,33.97,33.41,33.68,,4402023.0
2019-07-22,33.76,33.85,33.34,33.38,,7865704.0
2019-07-23,33.46,33.65,33.14,33.49,,5573558.0
2019-07-24,33.41,34.08,33.41,33.84,,5980591.0
2019-07-25,33.87,34.52,33.87,34.37,,3251722.0
2019-07-26,34.48,34.95,34.28,34.4,,2669100.0
2019-07-29,34.36,34.74,34.27,34.68,,2130637.0
2019-07-30,34.53,35.12,34.51,34.97,,2971835.0
2019-07-31,34.83,34.85,34.03,34.51,,5280629.0
2019-08-01,34.44,34.66,33.96,34.11,,3280662.0
2019-08-02,33.96,34.17,33.59,33.87,,2419011.0
2019-08-05,33.72,33.8,33.07,33.33,,4517227.0
2019-08-06,33.43,33.84,33.22,33.7,,3366690.0
2019-08-07,33.18,34.35,33.1,34.25,,4657381.0
2019-08-08,34.41,34.44,32.36,32.48,,9539872.0
2019-08-09,32.46,32.96,32.34,32.73,,4234434.0
2019-08-12,32.4,32.66,32.08,32.31,,4172864.0
2019-08-13,32.21,32.91,32.18,32.42,,2940835.0
2019-08-14,32.08,32.13,30.86,31.15,,7489849.0
2019-08-15,31.33,31.52,30.26,30.28,,7043951.0
2019-08-16,30.51,30.79,30.21,30.5,,3256831.0
2019-08-19,30.81,31.46,30.78,31.32,,3915125.0
2019-08-20,31.28,31.48,30.99,31.06,,2810834.0
2019-08-21,31.1,31.18,30.52,30.89,,3050409.0
2019-08-22,30.86,31.01,30.47,30.56,,3725374.0
2019-08-23,30.45,30.59,29.25,29.36,,3868329.0
2019-08-26,29.44,29.72,29.2,29.66,,3235649.0
2019-08-27,29.79,29.94,29.51,29.52,,3449444.0
2019-08-28,29.63,29.85,29.24,29.39,,3567237.0
2019-08-29,29.59,30.63,29.48,30.27,,3687745.0
2019-08-30,31.18,31.18,30.32,30.67,,2926088.0
2019-09-03,30.41,30.83,30.3,30.51,,2092384.0
2019-09-04,30.72,31.29,30.63,31.25,,2282398.0
2019-09-05,31.32,32.03,31.25,31.89,,3946927.0
2019-09-06,31.95,32.35,31.71,31.87,,2514623.0
2019-09-09,31.09,31.97,31.09,31.94,,2659833.0
2019-09-10,31.52,32.33,31.52,31.94,,3198116.0
2019-09-11,31.92,32.06,31.47,31.66,,3287051.0
2019-09-12,31.83,31.83,31.35,31.46,,4290524.0
2019-09-13,31.62,31.85,31.2,31.5,,4606058.0
2019-09-16,31.36,31.5,31.16,31.28,,2175629.0
2019-09-17,31.28,31.28,30.53,30.6,,6702742.0
2019-09-18,30.61,30.69,29.92,30.39,,5597093.0
2019-09-19,30.24,30.52,29.76,29.83,,4925050.0
2019-09-20,29.79,30.19,29.53,30.05,,8191229.0
2019-09-23,30.14,30.25,29.79,30.05,,3488279.0
2019-09-24,30.06,30.21,29.31,29.41,,5844940.0
2019-09-25,29.43,29.96,29.39,29.8,,4390022.0
2019-09-26,29.96,29.97,29.23,29.28,,5965705.0
2019-09-27,29.47,29.53,29.0,29.27,,4267095.0
2019-09-30,29.45,29.67,29.19,29.36,,3168442.0
2019-10-01,29.54,29.86,29.05,29.09,,2703381.0
2019-10-02,29.02,29.13,28.27,28.32,,4879846.0
2019-10-03,28.25,28.44,27.66,28.36,,7187910.0
2019-10-04,28.49,28.69,28.28,28.46,,2858374.0
2019-10-07,28.63,28.99,28.47,28.49,,4868461.0
2019-10-08,28.18,28.19,27.65,27.98,,3832717.0
2019-10-09,28.27,28.35,27.9,28.15,,3538928.0
2019-10-10,28.16,28.44,27.98,28.42,,3497847.0
2019-10-11,28.85,29.57,28.64,29.29,,4444553.0
2019-10-14,29.12,29.26,28.9,29.23,,2998509.0
2019-10-15,29.17,29.61,29.0,29.52,,3758858.0
2019-10-16,29.43,29.8,29.37,29.79,,4385645.0
2019-10-17,29.89,29.93,29.37,29.78,,9074193.0
2019-10-18,29.83,30.33,29.76,29.99,,8890325.0
2019-10-21,30.13,30.55,29.98,30.48,,5158685.0
2019-10-22,30.47,31.25,30.31,31.14,,5526827.0
2019-10-23,31.03,31.35,30.87,30.95,,7091867.0
2019-10-24,30.89,31.09,29.6,30.07,,9058087.0
2019-10-25,30.16,30.52,30.09,30.18,,5450286.0
2019-10-28,30.3,31.11,30.18,30.72,,8672271.0
2019-10-29,30.56,30.76,30.31,30.58,,3558558.0
2019-10-30,30.41,30.59,29.79,29.87,,4364431.0
2019-10-31,29.79,29.87,29.49,29.83,,5063534.0
2019-11-01,29.95,30.3,29.76,30.16,,3813529.0
2019-11-04,30.26,30.35,30.06,30.31,,2611960.0
2019-11-05,30.33,30.8,30.28,30.57,,3198689.0
2019-11-06,30.58,30.89,30.07,30.82,,5681566.0
2019-11-07,31.61,32.56,31.07,32.53,,9056842.0
2019-11-08,32.59,32.8,32.21,32.72,,4979803.0
2019-11-11,32.54,32.65,32.21,32.58,,3280165.0
2019-11-12,32.65,32.69,32.08,32.11,,3906077.0
2019-11-13,32.0,32.33,31.83,31.9,,4559697.0
2019-11-14,31.79,32.13,31.65,31.86,,4022379.0
2019-11-15,32.02,32.29,31.59,31.91,,4517722.0
2019-11-18,31.95,32.82,31.85,32.76,,5690353.0
2019-11-19,32.79,33.82,32.79,33.76,,6334172.0
2019-11-20,33.2,33.9,33.2,33.42,,4320510.0
2019-11-21,33.45,33.85,33.11,33.24,,2861622.0
2019-11-22,33.31,33.56,33.06,33.2,,4408152.0
2019-11-25,33.24,33.39,32.91,33.22,,4908094.0
2019-11-26,33.21,33.61,33.1,33.45,,3086318.0
2019-11-27,33.58,33.7,33.22,33.31,,2455892.0
2019-11-29,33.34,33.52,32.93,33.3,,1704919.0
2019-12-02,33.29,33.54,33.1,33.15,,2599436.0
2019-12-03,32.97,33.08,32.32,32.76,,4207502.0
2019-12-04,33.08,33.23,32.58,33.05,,3768434.0
2019-12-05,33.19,33.31,32.8,33.05,,2921919.0
2019-12-06,33.25,33.44,32.91,32.98,,1733518.0
2019-12-09,33.05,33.53,32.91,33.17,,2849287.0
2019-12-10,33.06,33.53,32.81,33.34,,5996830.0
2019-12-11,33.29,34.07,33.29,33.67,,5668715.0
2019-12-12,33.82,34.39,33.62,34.31,,5796430.0
2019-12-13,34.2,34.44,33.99,34.24,,5970920.0
2019-12-16,34.4,34.6,34.17,34.27,,4273548.0
2019-12-17,34.18,34.69,33.92,34.6,,4143125.0
2019-12-18,34.63,34.76,34.35,34.39,,3392546.0
2019-12-19,34.23,34.61,34.23,34.45,,2629295.0
2019-12-20,34.72,34.72,34.19,34.61,,6211696.0
2019-12-23,34.61,35.03,34.49,34.87,,3712114.0
2019-12-24,34.86,35.01,34.68,34.73,,1940663.0
2019-12-26,34.69,35.07,34.69,34.98,,3699187.0
2019-12-27,35.06,35.12,34.65,34.83,,1969014.0
2019-12-30,34.84,34.97,34.44,34.52,,3039584.0
2019-12-31,34.39,34.61,34.23,34.52,,2315456.0
2020-01-02,34.83,34.89,34.05,34.52,,4500697.0
2020-01-03,34.16,34.43,34.1,34.14,,4035801.0
2020-01-06,34.13,34.23,33.85,34.05,,2434614.0
2020-01-07,34.04,34.66,33.89,34.52,,3253951.0
2020-01-08,34.57,34.93,34.49,34.55,,3709661.0
2020-01-09,34.62,34.79,34.28,34.62,,3621876.0
2020-01-10,34.56,34.67,34.12,34.19,,2663984.0
2020-01-13,34.19,34.59,33.96,34.44,,2674370.0
2020-01-14,34.25,34.93,34.23,34.69,,4530938.0
2020-01-15,34.79,35.01,34.61,34.9,,6165154.0
2020-01-16,35.11,36.44,35.03,36.41,,7362807.0
2020-01-17,36.57,37.0,36.46,36.63,,4785892.0
2020-01-21,36.31,36.67,36.16,36.41,,4104815.0
2020-01-22,36.45,36.6,36.18,36.4,,3920952.0
2020-01-23,36.1,36.33,34.77,34.91,,5845476.0
2020-01-24,34.73,34.88,33.69,34.09,,9289663.0
2020-01-27,33.93,34.46,33.7,34.34,,9909349.0
2020-01-28,34.78,34.85,34.22,34.58,,3268085.0
2020-01-29,34.4,34.66,33.91,34.06,,2596049.0
2020-01-30,33.68,34.52,33.57,34.48,,2956940.0
2020-01-31,34.45,34.64,33.96,34.52,,5283881.0
2020-02-03,34.73,35.37,34.55,35.0,,3371357.0
2020-02-04,35.34,35.67,35.15,35.41,,3330975.0
2020-02-05,35.88,36.29,35.49,36.01,,6334956.0
2020-02-06,36.41,36.7,34.2,34.55,,9336502.0
2020-02-07,34.43,34.52,33.97,34.45,,3634298.0
2020-02-10,34.33,34.83,34.19,34.73,,3212900.0
2020-02-11,34.66,34.86,34.13,34.57,,2550303.0
2020-02-12,34.76,35.1,34.66,35.07,,3303320.0
2020-02-13,34.94,35.64,34.88,35.38,,2034790.0
2020-02-14,35.46,35.48,34.9,35.2,,2349557.0
2020-02-18,35.16,35.37,34.87,35.18,,2065392.0
2020-02-19,35.32,35.64,35.01,35.41,,1839277.0
2020-02-20,35.1,35.29,33.83,34.48,,5305658.0
2020-02-21,34.18,35.01,33.29,33.51,,5024178.0
2020-02-24,33.19,33.19,32.1,32.3,,5577610.0
2020-02-25,32.41,32.59,30.75,30.92,,5241255.0
2020-02-26,31.25,31.44,30.17,30.53,,5632557.0
2020-02-27,30.01,30.62,29.17,29.18,,7440242.0
2020-02-28,28.17,29.5,28.08,28.62,,7567114.0
2020-03-02,28.61,29.93,28.26,29.9,,7503770.0
2020-03-03,29.47,30.61,28.76,29.07,,4869495.0
2020-03-04,29.38,29.61,28.53,29.01,,4338437.0
2020-03-05,28.29,28.51,27.37,27.61,,5392186.0
2020-03-06,26.5,27.29,26.41,27.05,,8403629.0
2020-03-09,25.26,26.25,23.49,25.78,,6989032.0
2020-03-10,26.52,27.45,25.33,27.31,,4608524.0
2020-03-11,26.46,26.88,25.81,26.06,,5405485.0
2020-03-12,25.1,25.42,23.33,24.59,,7766051.0
2020-03-13,25.85,26.86,23.07,24.53,,6759921.0
2020-03-16,22.33,23.42,21.69,22.52,,9605841.0
2020-03-17,22.86,23.99,21.5,23.58,,7751245.0
2020-03-18,22.25,23.17,20.49,20.95,,7119280.0
2020-03-19,20.91,22.42,19.49,21.41,,6085350.0
2020-03-20,21.73,22.14,19.56,19.69,,8498759.0
2020-03-23,19.82,20.02,18.58,18.95,,8091687.0
2020-03-24,19.81,20.96,19.28,20.91,,6343607.0
2020-03-25,20.97,23.84,20.62,22.64,,7525641.0
2020-03-26,22.7,23.97,22.65,23.42,,5185752.0
2020-03-27,22.66,22.76,20.95,21.11,,6134517.0
2020-03-30,20.92,22.95,20.64,22.8,,5909893.0
2020-03-31,23.16,23.28,22.0,22.16,,5594115.0
2020-04-01,21.26,21.37,20.59,20.95,,4556222.0
2020-04-02,21.1,22.04,20.64,21.26,,4944613.0
2020-04-03,21.11,21.32,20.46,20.92,,4296097.0
2020-04-06,21.97,23.69,21.87,23.51,,4453931.0
2020-04-07,24.58,25.43,23.82,23.91,,4559902.0
2020-04-08,24.33,24.92,23.93,24.67,,4832544.0
2020-04-09,24.89,25.4,24.01,24.38,,5180201.0
2020-04-13,24.23,24.49,23.39,24.38,,3468523.0
2020-04-14,24.71,25.01,24.3,24.87,,2735373.0
2020-04-15,24.17,24.27,23.41,24.11,,2454591.0
2020-04-16,24.05,24.34,23.31,23.96,,2594548.0
2020-04-17,24.57,25.28,24.36,25.21,,4006891.0
2020-04-20,24.55,25.12,24.37,24.44,,2551547.0
2020-04-21,23.81,24.29,23.59,23.96,,3155352.0
2020-04-22,24.43,24.75,23.18,23.23,,3965395.0
2020-04-23,23.34,23.86,22.44,23.32,,4201873.0
2020-04-24,23.36,23.46,22.85,23.3,,4955128.0
2020-04-27,23.65,25.03,23.46,24.75,,3912929.0
2020-04-28,25.32,26.32,25.05,25.46,,5663360.0
2020-04-29,26.28,26.85,26.22,26.61,,5137945.0
2020-04-30,25.85,26.15,23.83,24.27,,6059669.0
2020-05-01,23.85,24.22,23.43,23.85,,2782776.0
2020-05-04,23.75,23.84,23.03,23.45,,4232568.0
2020-05-05,23.49,23.79,22.41,22.61,,4870397.0
2020-05-06,22.79,23.45,22.11,23.27,,5374479.0
2020-05-07,24.82,25.4,23.65,23.68,,8124990.0
2020-05-08,24.36,24.67,24.04,24.39,,6613743.0
2020-05-11,23.96,24.44,23.49,24.08,,4509096.0
2020-05-12,24.21,24.46,23.61,23.78,,3936099.0
2020-05-13,23.66,23.66,22.26,23.0,,4540491.0
2020-05-14,22.62,24.23,22.3,24.17,,4823678.0
2020-05-15,23.94,24.57,23.67,24.44,,3136021.0
2020-05-18,25.32,25.92,24.97,25.77,,4533347.0
2020-05-19,25.79,26.39,25.33,25.86,,4340348.0
2020-05-20,26.15,26.67,25.92,26.09,,3226805.0
2020-05-21,25.9,26.32,25.85,25.91,,2944403.0
2020-05-22,25.82,26.23,25.77,26.08,,2656920.0
2020-05-26,26.96,27.44,26.71,27.23,,4499733.0
2020-05-27,27.84,28.29,27.24,27.81,,5280622.0
2020-05-28,27.77,28.08,27.07,27.14,,3400395.0
2020-05-29,26.99,27.4,26.6,27.36,,4180814.0
2020-06-01,27.32,27.91,27.27,27.71,,2466968.0
2020-06-02,27.79,27.91,27.27,27.48,,3560164.0
2020-06-03,27.96,29.25,27.62,28.86,,5762724.0
2020-06-04,28.67,29.12,28.21,28.64,,3668273.0
2020-06-05,29.94,30.34,28.64,28.94,,5592595.0
2020-06-08,29.11,30.75,29.11,30.47,,5503517.0
2020-06-09,29.75,30.13,28.84,28.9,,4999137.0
2020-06-10,28.8,28.91,27.7,28.27,,4328059.0
2020-06-11,27.54,27.62,26.18,26.32,,5890728.0
2020-06-12,27.11,27.23,25.95,26.54,,4221137.0
2020-06-15,25.66,27.9,25.43,27.47,,4892935.0
2020-06-16,28.28,28.58,26.24,26.55,,4688354.0
2020-06-17,26.53,26.75,26.09,26.33,,5167631.0
2020-06-18,26.29,27.24,26.0,27.2,,5025909.0
2020-06-19,28.28,28.28,26.46,26.56,,7570116.0
2020-06-22,26.3,26.46,25.87,26.37,,5569121.0
2020-06-23,26.7,27.07,26.43,26.51,,5512679.0
2020-06-24,26.22,26.34,25.23,25.68,,5106555.0
2020-06-25,25.32,25.42,24.78,25.26,,5782055.0
2020-06-26,25.03,25.08,23.89,24.11,,7361086.0
2020-06-29,24.27,25.26,24.13,25.23,,4638041.0
2020-06-30,25.14,25.33,24.83,25.16,,3837871.0
2020-07-01,25.25,25.65,24.84,25.26,,3725548.0
2020-07-02,25.92,26.01,24.83,24.91,,3615116.0
2020-07-06,25.34,25.6,24.5,24.86,,5096700.0
2020-07-07,24.61,24.74,24.04,24.1,,3815022.0
2020-07-08,23.99,24.08,23.45,23.73,,4276490.0
2020-07-09,23.71,23.84,22.45,22.86,,5923700.0
2020-07-10,22.92,23.81,22.71,23.75,,3359652.0
2020-07-13,23.55,23.95,22.83,23.41,,5807021.0
2020-07-14,23.24,23.85,22.96,23.48,,3664868.0
2020-07-15,23.76,24.56,23.76,24.44,,5359175.0
2020-07-16,24.27,24.74,24.17,24.55,,2200542.0
2020-07-17,24.56,24.73,23.46,23.71,,5079917.0
2020-07-20,23.58,23.82,22.79,23.22,,3672352.0
2020-07-21,23.37,24.08,23.27,23.83,,4759446.0
2020-07-22,23.89,24.34,23.66,24.3,,2859670.0
2020-07-23,24.45,24.89,24.34,24.61,,4029778.0
2020-07-24,24.78,25.68,24.69,25.01,,4132964.0
2020-07-27,24.93,25.1,23.83,24.13,,4550910.0
2020-07-28,23.96,24.56,23.87,24.14,,2593866.0
2020-07-29,24.27,24.43,23.83,24.26,,2170135.0
2020-07-30,23.92,24.39,23.69,24.22,,3669739.0
2020-07-31,24.24,24.24,23.61,24.17,,3924938.0
2020-08-03,24.17,24.78,23.85,24.73,,3826146.0
2020-08-04,24.68,25.51,24.56,25.02,,5462522.0
2020-08-05,23.79,24.12,22.72,23.19,,7628214.0
2020-08-06,23.36,23.75,23.11,23.44,,5962298.0
2020-08-07,23.33,23.54,22.77,23.14,,7072617.0
2020-08-10,23.08,23.32,22.68,22.89,,9867539.0
2020-08-11,23.24,23.91,23.07,23.13,,7978998.0
2020-08-12,23.4,23.58,23.07,23.37,,4732661.0
2020-08-13,23.3,24.02,23.2,23.98,,6538863.0
2020-08-14,24.0,24.43,23.65,24.14,,3036085.0
2020-08-17,24.28,24.32,23.61,23.98,,3092185.0
2020-08-18,23.98,24.2,23.87,24.05,,2673601.0
2020-08-19,24.01,24.53,24.0,24.25,,3437623.0
2020-08-20,24.12,24.41,23.93,24.28,,4718990.0
2020-08-21,24.22,24.43,23.98,24.39,,3016589.0
2020-08-24,24.46,25.46,24.39,25.31,,3620843.0
2020-08-25,25.28,25.54,24.77,25.23,,4075310.0
2020-08-26,25.13,25.6,24.97,25.47,,4463617.0
2020-08-27,25.7,26.09,25.6,25.86,,3601169.0
2020-08-28,25.89,26.1,25.71,26.09,,3859666.0
2020-08-31,26.26,26.65,25.94,26.13,,5925342.0
2020-09-01,25.35,26.09,25.35,25.95,,4016455.0
2020-09-02,25.99,26.58,25.98,26.37,,3517361.0
2020-09-03,26.55,27.07,25.74,25.87,,6258212.0
2020-09-04,26.37,26.46,25.75,26.16,,4928746.0
2020-09-08,26.04,26.76,25.96,26.19,,4941618.0
2020-09-09,26.25,26.89,25.9,26.67,,4781100.0
2020-09-10,26.74,27.19,26.49,26.66,,4424450.0
2020-09-11,26.79,27.09,26.14,26.62,,4736215.0
2020-09-14,26.76,27.71,26.69,27.11,,5798176.0
2020-09-15,27.17,27.43,26.83,27.06,,3350905.0
2020-09-16,27.3,28.3,27.19,27.75,,5352262.0
2020-09-17,27.15,27.67,26.84,27.08,,4241253.0
2020-09-18,27.1,27.11,26.1,26.45,,6768132.0
2020-09-21,26.04,26.17,25.01,25.33,,4797721.0
2020-09-22,25.4,25.65,25.12,25.32,,4320952.0
2020-09-23,25.15,25.51,24.46,24.51,,3726141.0
2020-09-24,24.56,25.0,24.19,24.78,,2443227.0
2020-09-25,24.57,25.39,24.52,25.25,,3348544.0
2020-09-28,25.62,26.35,25.6,26.33,,3112839.0
2020-09-29,26.21,26.46,25.65,26.27,,3335291.0
2020-09-30,26.47,26.98,26.01,26.32,,4539292.0
2020-10-01,26.45,26.69,26.02,26.5,,3437657.0
2020-10-02,26.18,26.82,25.46,26.56,,4330875.0
2020-10-05,26.7,27.22,26.5,27.16,,2589565.0
2020-10-06,27.22,27.49,26.3,26.41,,3580634.0
2020-10-07,26.67,27.68,26.58,27.4,,4490284.0
2020-10-08,27.67,27.97,27.35,27.96,,2509674.0
2020-10-09,28.16,28.38,27.47,27.61,,3239569.0
2020-10-12,27.85,27.92,27.26,27.37,,3221164.0
2020-10-13,27.33,27.35,25.69,25.76,,7187039.0
2020-10-14,25.78,25.96,25.44,25.47,,3288165.0
2020-10-15,25.34,25.52,24.94,25.47,,6332893.0
2020-10-16,25.64,25.76,25.11,25.41,,3428271.0
2020-10-19,25.62,25.64,24.56,24.61,,3741377.0
2020-10-20,24.97,24.97,24.47,24.64,,3402676.0
2020-10-21,24.5,25.25,24.38,25.13,,2572494.0
2020-10-22,25.39,26.11,25.27,25.97,,3572065.0
2020-10-23,26.12,26.17,25.27,25.61,,3463775.0
2020-10-26,25.37,25.39,24.68,24.98,,4847095.0
2020-10-27,24.92,24.93,24.63,24.77,,3079386.0
2020-10-28,24.38,24.62,23.85,23.94,,3730095.0
2020-10-29,23.59,24.41,23.59,24.19,,2419883.0
2020-10-30,24.18,25.08,24.13,25.08,,5643769.0
2020-11-02,25.22,25.97,24.87,25.92,,7284235.0
2020-11-03,27.25,27.69,24.93,25.58,,8345158.0
2020-11-04,25.47,25.63,23.63,24.24,,15753238.0
2020-11-05,24.66,25.22,24.06,25.17,,6588934.0
2020-11-06,25.0,25.17,24.26,24.55,,7824090.0
2020-11-09,25.51,26.12,24.56,24.83,,8566618.0
2020-11-10,24.6,25.67,24.48,25.4,,4604839.0
2020-11-11,25.49,26.11,25.14,25.97,,6876670.0
2020-11-12,25.65,25.75,23.96,24.25,,14392488.0
2020-11-13,24.55,25.31,24.22,25.19,,6483189.0
2020-11-16,25.38,26.13,25.25,25.71,,8104995.0
2020-11-17,25.6,26.69,25.22,26.64,,5242826.0
2020-11-18,26.58,26.66,26.14,26.16,,4151498.0
2020-11-19,26.12,26.46,25.9,26.21,,4010242.0
2020-11-20,26.23,26.43,26.05,26.32,,2846552.0
2020-11-23,26.48,27.2,26.25,26.99,,3551259.0
2020-11-24,27.29,28.14,27.06,27.88,,3941862.0
2020-11-25,27.86,27.86,27.31,27.71,,2204060.0
2020-11-27,27.5,27.83,27.5,27.58,,1551712.0
2020-11-30,27.49,27.63,27.16,27.28,,4109824.0
2020-12-01,27.54,28.92,27.4,28.51,,8788520.0
2020-12-02,28.58,29.0,28.16,28.94,,10815596.0
2020-12-03,29.02,29.33,28.6,28.68,,4730938.0
2020-12-04,28.82,28.87,28.13,28.22,,5831382.0
2020-12-07,28.02,28.4,27.9,28.07,,5121561.0
2020-12-08,27.98,28.18,27.53,27.67,,4432752.0
2020-12-09,27.74,28.07,27.48,27.66,,7025431.0
2020-12-10,27.51,27.65,27.32,27.53,,3678535.0
2020-12-11,27.34,27.78,26.97,27.73,,3492147.0
2020-12-14,28.13,28.16,27.2,27.22,,4596287.0
2020-12-15,27.32,27.37,26.47,27.03,,4705494.0
2020-12-16,27.09,27.32,26.82,26.91,,3169470.0
2020-12-17,27.02,27.15,26.34,26.99,,3799814.0
2020-12-18,26.99,27.26,26.41,26.64,,6018042.0
2020-12-21,26.28,26.42,25.84,26.22,,2718870.0
2020-12-22,26.02,26.22,25.65,25.79,,3071160.0
2020-12-23,25.87,26.69,25.81,26.59,,3292816.0
2020-12-24,26.53,26.99,26.53,26.78,,1363508.0
2020-12-28,26.92,27.73,26.77,27.56,,3658388.0
2020-12-29,27.61,27.71,27.28,27.45,,1569855.0
2020-12-30,27.56,27.95,27.47,27.52,,1951598.0
2020-12-31,27.55,27.78,27.42,27.54,,2676310.0
2021-01-04,27.66,28.1,26.92,27.25,,4234196.0
2021-01-05,27.27,28.0,27.2,27.85,,3063181.0
2021-01-06,28.47,30.44,28.24,30.28,,7887604.0
2021-01-07,30.26,30.26,29.25,29.26,,5905197.0
2021-01-08,29.16,29.36,28.12,28.46,,5907869.0
2021-01-11,28.35,28.93,28.18,28.69,,5215884.0
2021-01-12,28.77,28.91,28.09,28.16,,4780024.0
2021-01-13,27.99,28.4,27.74,28.34,,6523965.0
2021-01-14,28.55,29.76,28.06,29.58,,10724941.0
2021-01-15,29.44,30.02,29.07,29.79,,9718544.0
2021-01-19,29.95,29.95,28.23,28.39,,5599893.0
2021-01-20,28.4,29.58,28.4,29.34,,8677222.0
2021-01-21,29.07,29.62,28.97,29.36,,4676731.0
2021-01-22,29.18,29.19,28.22,28.53,,6472874.0
2021-01-25,28.56,30.48,28.47,30.35,,9137110.0
2021-01-26,30.45,33.28,30.45,33.04,,15512340.0
2021-01-27,33.43,38.52,32.28,32.52,,23919961.0
2021-01-28,32.52,33.24,30.1,30.17,,8424115.0
2021-01-29,30.07,30.92,29.28,29.49,,5336758.0
2021-02-01,29.56,30.32,29.26,30.15,,3775712.0
2021-02-02,30.22,30.32,28.65,28.86,,4100357.0
2021-02-03,28.93,29.08,28.58,28.64,,3568512.0
2021-02-04,28.68,29.25,28.4,28.77,,4102483.0
2021-02-05,28.74,30.0,28.46,29.72,,4650789.0
2021-02-08,29.95,31.0,29.73,30.92,,7333654.0
2021-02-09,30.98,31.12,28.88,29.07,,6583162.0
2021-02-10,29.24,30.26,28.83,30.06,,6167105.0
2021-02-11,29.87,30.48,29.66,30.27,,4041024.0
2021-02-12,30.21,31.05,30.17,30.83,,3323365.0
2021-02-16,30.78,30.96,29.86,30.01,,5015191.0
2021-02-17,30.13,30.37,29.8,30.03,,2760842.0
2021-02-18,30.08,30.66,29.96,30.43,,4618256.0
2021-02-19,30.59,32.15,30.44,31.95,,4866160.0
2021-02-22,31.93,33.42,31.88,32.81,,6829644.0
2021-02-23,32.91,33.46,31.83,32.27,,4107082.0
2021-02-24,32.01,32.38,31.6,32.2,,3447234.0
2021-02-25,32.44,32.79,31.08,31.25,,3619516.0
2021-02-26,31.36,32.02,31.02,31.51,,5146011.0
2021-03-01,32.22,33.11,31.72,32.91,,5913898.0
2021-03-02,32.77,36.71,32.65,35.9,,12604228.0
2021-03-03,36.09,38.35,35.48,37.2,,13436959.0
2021-03-04,37.51,38.15,35.9,36.97,,6178574.0
2021-03-05,37.47,39.2,36.99,39.05,,6794718.0
2021-03-08,38.67,40.32,37.97,40.04,,5776628.0
2021-03-09,40.1,40.21,38.09,38.35,,5377651.0
2021-03-10,38.62,39.57,37.99,39.44,,2707804.0
2021-03-11,39.19,40.32,38.87,39.81,,2913457.0
2021-03-12,39.71,40.91,39.7,40.69,,3818790.0
2021-03-15,40.9,41.59,40.23,40.62,,3771706.0
2021-03-16,41.01,42.62,40.93,42.03,,5094517.0
2021-03-17,41.44,41.95,39.46,40.83,,4359025.0
2021-03-18,40.42,41.53,40.4,40.79,,3689730.0
2021-03-19,40.9,41.2,40.49,40.83,,6423375.0
2021-03-22,40.78,41.58,40.37,41.52,,3800925.0
2021-03-23,41.23,41.32,39.61,39.77,,3568356.0
2021-03-24,39.76,40.05,38.13,38.16,,4052008.0
2021-03-25,38.23,38.97,37.66,38.34,,4816874.0
2021-03-26,38.04,38.47,33.61,35.96,,12757667.0
2021-03-29,35.91,36.34,34.98,35.42,,4725792.0
2021-03-30,35.59,36.07,34.72,35.3,,3789361.0
2021-03-31,35.36,35.59,34.25,34.35,,6338322.0
2021-04-01,34.67,34.94,34.02,34.54,,3410578.0
2021-04-05,34.84,34.91,33.68,34.63,,4097416.0
2021-04-06,34.44,35.69,34.35,35.24,,3798897.0
2021-04-07,35.55,36.15,35.03,35.49,,3164946.0
2021-04-08,35.4,35.51,34.63,35.2,,3289933.0
2021-04-09,35.21,35.76,34.84,35.63,,2357247.0
2021-04-12,35.92,36.46,35.44,35.6,,2782444.0
2021-04-13,35.71,36.23,35.53,35.64,,2546144.0
2021-04-14,35.37,36.1,35.26,35.42,,2999979.0
2021-04-15,35.97,36.63,35.78,36.04,,3808432.0
2021-04-16,36.27,36.68,35.93,36.1,,3322681.0
2021-04-19,35.95,36.45,35.69,35.84,,3580175.0
2021-04-20,35.92,36.4,35.59,35.96,,4073559.0
2021-04-21,35.76,36.91,35.61,36.73,,4948161.0
2021-04-22,36.65,36.98,36.06,36.26,,3604732.0
2021-04-23,36.59,36.81,36.28,36.54,,1831229.0
2021-04-26,36.65,36.68,35.87,36.34,,2495008.0
2021-04-27,36.2,36.7,36.02,36.41,,4267970.0
2021-04-28,36.08,36.41,35.75,35.98,,2630837.0
2021-04-29,36.18,36.4,35.68,35.93,,2538974.0
2021-04-30,35.95,35.99,35.41,35.6,,3920933.0
2021-05-03,36.01,36.01,34.82,34.83,,4174831.0
2021-05-04,35.11,35.32,34.47,34.95,,4091439.0
2021-05-05,35.16,35.2,34.46,34.57,,2994401.0
2021-05-06,34.8,36.54,34.78,35.74,,3942655.0
2021-05-07,35.66,36.57,35.53,36.45,,2264280.0
2021-05-10,36.45,37.54,36.25,36.94,,3063941.0
2021-05-11,36.71,37.14,36.16,36.63,,2442368.0
2021-05-12,36.43,36.86,36.04,36.09,,2517416.0
2021-05-13,36.08,37.25,36.01,36.85,,2193514.0
2021-05-14,36.53,36.78,35.33,35.44,,4677963.0
2021-05-17,35.91,36.36,34.93,34.98,,4072422.0
2021-05-18,35.23,35.88,35.1,35.53,,3561976.0
2021-05-19,35.12,35.78,35.01,35.53,,3162927.0
2021-05-20,35.47,35.93,35.36,35.43,,2760641.0
2021-05-21,35.46,36.01,35.35,35.75,,3404836.0
2021-05-24,35.7,36.05,35.51,35.62,,1937406.0
2021-05-25,35.87,36.08,35.15,35.34,,2785494.0
2021-05-26,35.36,36.2,35.26,35.68,,2043859.0
2021-05-27,35.88,36.51,35.82,36.1,,4180374.0
2021-05-28,36.09,36.2,35.28,35.53,,2292897.0
2021-06-01,35.8,35.9,35.35,35.5,,2133750.0
2021-06-02,35.57,35.67,34.63,34.99,,4411475.0
2021-06-03,35.07,35.31,34.28,34.83,,2659675.0
2021-06-04,34.84,35.45,34.72,35.38,,2259433.0
2021-06-07,35.46,35.76,35.14,35.34,,1497465.0
2021-06-08,35.34,35.43,34.59,34.81,,2360943.0
2021-06-09,35.49,36.21,35.06,35.81,,3592122.0
2021-06-10,35.91,36.02,35.49,35.64,,2338395.0
2021-06-11,35.75,36.11,35.64,36.08,,2090003.0
2021-06-14,36.13,36.25,35.52,35.84,,2091942.0
2021-06-15,36.12,36.28,35.54,35.87,,2640327.0
2021-06-16,35.81,36.01,35.43,35.83,,1983230.0
2021-06-17,35.83,36.14,35.11,35.34,,3120867.0
2021-06-18,35.56,36.14,35.21,35.8,,5734633.0
2021-06-21,35.92,36.18,35.59,35.66,,2296687.0
2021-06-22,35.7,35.94,35.03,35.81,,2636789.0
2021-06-23,35.8,36.12,35.62,35.77,,2254645.0
2021-06-24,35.89,36.52,35.78,36.43,,2110221.0
2021-06-25,36.51,36.97,36.2,36.49,,3944168.0
2021-06-28,36.78,36.92,36.2,36.44,,2362929.0
2021-06-29,35.71,36.01,35.03,35.03,,3086266.0
2021-06-30,35.2,35.36,34.76,35.32,,2282934.0
2021-07-01,35.32,36.03,35.14,35.72,,2442513.0
2021-07-02,35.73,35.79,35.26,35.5,,2014217.0
2021-07-06,35.48,35.48,34.01,34.94,,2666153.0
2021-07-07,34.8,35.22,34.28,34.63,,2600041.0
2021-07-08,34.53,34.59,33.6,33.96,,2429727.0
2021-07-09,34.01,34.77,33.95,34.67,,1730445.0
2021-07-12,34.55,35.03,34.05,35.01,,1860349.0
2021-07-13,35.16,35.16,34.15,34.2,,2341120.0
2021-07-14,34.37,34.76,34.23,34.59,,1936730.0
2021-07-15,34.47,34.71,34.02,34.09,,1886057.0
2021-07-16,34.01,34.25,33.5,33.56,,2976840.0
2021-07-19,33.27,33.47,32.83,33.03,,3999321.0
2021-07-20,33.2,33.39,32.78,33.27,,2713596.0
2021-07-21,33.34,34.6,33.33,34.43,,4462873.0
2021-07-22,34.44,34.52,33.65,34.25,,2552979.0
2021-07-23,34.37,34.48,33.98,34.43,,1681775.0
2021-07-26,34.35,35.04,34.35,34.78,,2235553.0
2021-07-27,34.51,34.75,34.24,34.44,,1540060.0
2021-07-28,34.5,34.87,33.82,34.55,,1843824.0
2021-07-29,34.6,35.13,34.42,34.53,,2858058.0
2021-07-30,34.25,34.62,33.81,33.92,,2496096.0
2021-08-02,34.03,34.2,33.77,33.9,,2300759.0
2021-08-03,34.01,34.04,32.49,33.32,,2652458.0
2021-08-04,33.1,33.58,32.89,33.21,,2954609.0
2021-08-05,34.25,35.57,33.79,35.4,,4856948.0
2021-08-06,35.47,35.71,34.59,34.7,,3837721.0
2021-08-09,34.55,34.81,34.28,34.73,,2084701.0
2021-08-10,34.74,35.21,34.38,35.18,,2042168.0
2021-08-11,35.45,35.68,34.97,35.64,,1817685.0
2021-08-12,35.79,35.79,34.92,35.23,,1552722.0
2021-08-13,35.61,35.61,35.17,35.2,,1651726.0
2021-08-16,35.03,35.52,34.73,35.38,,1734403.0
2021-08-17,35.04,35.38,34.76,35.18,,1416034.0
2021-08-18,35.22,35.81,34.74,34.78,,2351373.0
2021-08-19,34.6,34.86,34.2,34.42,,1675827.0
2021-08-20,34.35,35.11,34.19,34.97,,1255384.0
2021-08-23,35.04,35.37,34.96,35.33,,1811456.0
2021-08-24,35.46,35.62,35.12,35.26,,1520311.0
2021-08-25,35.43,35.64,34.9,35.23,,2319011.0
2021-08-26,35.23,35.37,34.82,34.89,,3067478.0
2021-08-27,34.86,35.54,34.82,35.39,,1749753.0
2021-08-30,35.39,35.43,34.96,35.26,,1248804.0
2021-08-31,35.28,35.99,35.14,35.84,,2872197.0
2021-09-01,35.93,35.99,35.34,35.42,,2043901.0
2021-09-02,35.58,35.84,35.36,35.58,,2296154.0
2021-09-03,35.49,35.55,34.98,35.32,,1529648.0
2021-09-07,35.26,35.59,35.1,35.18,,1427716.0
2021-09-08,35.15,35.52,34.38,34.43,,2303451.0
2021-09-09,34.78,34.88,34.2,34.81,,2590303.0
2021-09-10,34.88,34.95,34.25,34.41,,2617203.0
2021-09-13,34.69,34.98,34.39,34.79,,3090697.0
2021-09-14,35.12,35.21,33.68,33.79,,2791037.0
2021-09-15,33.83,35.17,33.62,35.0,,3039131.0
2021-09-16,34.93,35.89,34.82,35.74,,2690853.0
2021-09-17,35.63,36.48,35.63,36.1,,5179176.0
2021-09-20,35.7,35.81,35.03,35.55,,2334051.0
2021-09-21,35.78,36.25,35.35,35.55,,2017529.0
2021-09-22,35.81,36.98,35.79,36.58,,3174944.0
2021-09-23,36.38,37.32,36.38,36.78,,1965127.0
2021-09-24,36.86,38.11,36.64,37.59,,3057874.0
2021-09-27,37.48,38.66,37.35,38.41,,3695613.0
2021-09-28,38.29,38.71,38.0,38.13,,3303156.0
2021-09-29,38.15,38.6,37.88,38.53,,2020982.0
2021-09-30,39.18,39.36,38.4,38.4,,4603298.0
2021-10-01,38.56,39.33,38.39,39.04,,2339217.0
2021-10-04,39.04,39.9,38.87,39.71,,4179923.0
2021-10-05,39.88,40.43,39.69,40.11,,2897744.0
2021-10-06,39.69,40.0,39.3,39.78,,3729963.0
2021-10-07,40.07,40.71,39.89,40.35,,2787760.0
2021-10-08,40.51,41.48,40.39,40.45,,2283049.0
2021-10-11,40.55,40.81,39.71,40.3,,1967676.0
2021-10-12,38.9,40.68,38.67,40.21,,2279861.0
2021-10-13,40.3,40.78,40.24,40.54,,2857533.0
2021-10-14,40.76,40.99,40.43,40.64,,2278883.0
2021-10-15,40.87,40.91,39.77,39.84,,4494599.0
2021-10-18,39.85,40.28,39.62,40.14,,2064259.0
2021-10-19,40.36,41.19,40.19,41.19,,2541909.0
2021-10-20,41.19,41.72,40.9,41.37,,1828800.0
2021-10-21,41.2,41.62,40.62,40.79,,2926269.0
2021-10-22,40.71,40.87,40.36,40.71,,1903146.0
2021-10-25,40.78,40.86,39.94,40.05,,2595039.0
2021-10-26,40.23,40.29,39.68,39.82,,2558902.0
2021-10-27,39.91,39.97,38.47,38.49,,3488094.0
2021-10-28,38.57,39.06,38.47,39.02,,2149529.0
2021-10-29,38.96,39.01,37.72,38.05,,2847541.0
2021-11-01,38.33,39.42,38.23,39.31,,3253436.0
2021-11-02,39.41,40.06,39.1,39.83,,3399707.0
2021-11-03,39.46,40.3,38.93,39.81,,3878848.0
2021-11-04,40.0,40.0,37.72,39.57,,4688752.0
2021-11-05,39.76,40.75,39.43,39.71,,3436553.0
2021-11-08,39.77,39.95,38.6,38.83,,2600607.0
2021-11-09,38.88,39.3,38.65,38.81,,1714676.0
2021-11-10,38.92,39.65,38.76,38.95,,2575317.0
2021-11-11,38.15,39.63,37.83,39.4,,3289551.0
2021-11-12,39.4,39.71,39.05,39.35,,2029522.0
2021-11-15,39.4,40.06,39.33,39.51,,2424441.0
2021-11-16,39.49,39.49,38.64,38.7,,2553347.0
2021-11-17,38.53,38.82,38.26,38.57,,1809308.0
2021-11-18,38.57,38.88,37.83,37.88,,1793426.0
2021-11-19,37.6,37.95,37.08,37.33,,3459008.0
2021-11-22,37.33,37.51,36.92,37.09,,3229640.0
2021-11-23,37.37,37.72,37.09,37.46,,3448043.0
2021-11-24,37.28,37.31,36.72,36.86,,2677654.0
2021-11-26,36.15,36.2,35.47,36.02,,1850424.0
2021-11-29,36.08,36.2,35.23,35.35,,3655336.0
2021-11-30,35.19,35.35,34.12,34.19,,5053753.0
2021-12-01,34.72,35.06,32.93,32.97,,5228712.0
2021-12-02,33.03,34.08,32.94,33.82,,5518304.0
2021-12-03,34.0,34.63,33.9,34.5,,4957077.0
2021-12-06,34.85,35.4,34.69,34.96,,2825413.0
2021-12-07,35.17,35.7,34.79,34.92,,2485674.0
2021-12-08,34.98,35.78,34.89,35.18,,3473531.0
2021-12-09,35.07,35.7,34.81,34.98,,2382556.0
2021-12-10,35.18,35.38,34.76,35.25,,3253536.0
2021-12-13,34.87,35.06,34.27,34.76,,3183389.0
2021-12-14,34.62,35.06,34.27,34.45,,4631069.0
2021-12-15,34.4,34.76,33.75,34.7,,4728664.0
2021-12-16,34.9,35.54,34.69,35.43,,6425998.0
2021-12-17,35.72,36.16,35.02,35.38,,18794385.0
2021-12-20,34.99,35.28,34.27,34.84,,3551297.0
2021-12-21,35.15,35.9,34.85,35.33,,2531136.0
2021-12-22,35.37,35.43,34.89,35.25,,1550211.0
2021-12-23,35.4,35.81,35.33,35.69,,1805184.0
2021-12-27,35.63,35.97,35.13,35.73,,1741585.0
2021-12-28,35.68,36.04,35.53,35.89,,1328207.0
2021-12-29,35.87,35.96,35.34,35.51,,1173062.0
2021-12-30,35.58,36.15,35.51,35.93,,1467856.0
2021-12-31,36.01,36.05,35.3,35.33,,1618544.0
2022-01-03,35.5,36.48,35.18,36.03,,2917259.0
2022-01-04,36.26,36.78,36.11,36.35,,4720500.0
2022-01-05,36.6,36.88,35.92,36.01,,2024235.0
2022-01-06,36.25,37.13,36.11,36.79,,2716681.0
2022-01-07,36.93,37.45,36.8,37.36,,4427756.0
2022-01-10,37.54,37.8,36.87,37.37,,2904544.0
2022-01-11,37.53,37.76,36.98,37.29,,1720545.0
2022-01-12,37.4,37.77,37.29,37.61,,1622397.0
2022-01-13,37.77,38.68,37.6,38.36,,2487738.0
2022-01-14,38.2,39.34,37.97,39.27,,4080602.0
2022-01-18,39.29,39.69,37.99,38.2,,4584528.0
2022-01-19,38.25,38.72,37.7,37.97,,3804035.0
2022-01-20,38.0,38.63,36.51,36.56,,4426782.0
2022-01-21,36.36,36.87,35.86,36.08,,4201429.0
2022-01-24,36.38,37.48,36.17,37.42,,7853322.0
2022-01-25,37.19,37.64,36.43,37.49,,4509983.0
2022-01-26,37.53,37.83,36.0,36.42,,3416307.0
2022-01-27,36.44,37.29,36.4,36.62,,3281532.0
2022-01-28,36.43,38.4,36.34,38.39,,4206501.0
2022-01-31,38.28,38.95,37.77,38.88,,3644731.0
2022-02-01,39.04,39.19,38.51,38.59,,2528379.0
2022-02-02,38.29,39.0,37.79,38.94,,2970511.0
2022-02-03,38.84,39.38,38.51,39.16,,2345609.0
2022-02-04,39.16,39.34,38.56,38.95,,1811698.0
2022-02-07,39.2,39.49,38.7,38.88,,3219631.0
2022-02-08,39.08,39.41,38.73,39.08,,2435802.0
2022-02-09,39.63,42.03,39.42,41.98,,8035101.0
2022-02-10,41.61,43.03,40.91,42.12,,6921866.0
2022-02-11,42.08,42.63,41.38,41.55,,4354075.0
2022-02-14,41.56,41.85,40.65,40.85,,3212793.0
2022-02-15,41.07,41.85,41.0,41.31,,2705819.0
2022-02-16,40.89,41.36,40.39,41.18,,3140234.0
2022-02-17,40.7,41.7,40.67,41.08,,4162257.0
2022-02-18,40.95,41.42,40.13,40.57,,3567327.0
2022-02-22,40.42,40.78,39.94,40.04,,3523532.0
2022-02-23,40.21,40.26,39.15,39.22,,2781118.0
2022-02-24,38.81,39.26,38.18,39.13,,4052816.0
2022-02-25,39.34,40.29,38.79,39.99,,2905276.0
2022-02-28,39.36,40.29,39.23,40.05,,3527676.0
2022-03-01,39.88,40.26,39.3,39.73,,3500076.0
2022-03-02,39.85,41.88,39.85,41.49,,3785740.0
2022-03-03,41.46,41.95,41.1,41.56,,2579053.0
2022-03-04,41.11,41.26,40.63,41.11,,3424881.0
2022-03-07,40.97,41.44,39.96,40.06,,3232733.0
2022-03-08,39.94,40.9,39.82,40.29,,2733861.0
2022-03-09,40.82,41.02,39.25,39.35,,3604686.0
2022-03-10,39.08,39.22,37.9,38.31,,5192472.0
2022-03-11,38.6,39.23,37.83,37.87,,3444564.0
2022-03-14,37.98,38.83,37.15,37.31,,5955115.0
2022-03-15,37.57,38.36,37.26,38.31,,4831008.0
2022-03-16,38.59,39.48,38.21,39.16,,4515807.0
2022-03-17,38.87,38.96,37.48,38.79,,4950321.0
2022-03-18,38.8,39.41,38.14,39.35,,13329108.0
2022-03-21,39.55,40.46,38.99,39.34,,3369604.0
2022-03-22,39.61,40.18,39.48,39.58,,2631277.0
2022-03-23,39.28,39.71,38.96,39.06,,2540394.0
2022-03-24,38.98,39.54,38.75,39.39,,2416405.0
2022-03-25,39.42,40.12,39.26,39.69,,2502710.0
2022-03-28,39.51,39.61,38.59,39.0,,2099186.0
2022-03-29,39.2,39.58,38.97,39.29,,2332981.0
2022-03-30,39.21,39.47,38.54,38.65,,3022105.0
2022-03-31,38.79,39.05,37.95,37.99,,3596315.0
2022-04-01,38.48,38.5,37.54,37.9,,2335830.0
2022-04-04,37.68,38.09,36.84,38.08,,2582735.0
2022-04-05,37.74,38.18,36.96,37.23,,3556788.0
2022-04-06,37.1,37.36,36.76,37.32,,3818197.0
2022-04-07,37.23,37.43,36.39,37.0,,2730610.0
2022-04-08,37.08,37.76,37.01,37.53,,2118610.0
2022-04-11,37.51,38.07,37.22,37.28,,1974829.0
2022-04-12,37.77,37.98,37.11,37.4,,1997494.0
2022-04-13,37.33,37.81,37.32,37.66,,1528300.0
2022-04-14,37.76,38.21,37.62,37.67,,1773316.0
2022-04-18,37.53,37.95,37.4,37.54,,1252908.0
2022-04-19,37.59,37.95,37.29,37.73,,2630450.0
2022-04-20,37.51,38.15,36.42,38.09,,4384286.0
2022-04-21,38.17,38.63,37.47,37.49,,2340590.0
2022-04-22,37.49,37.52,36.76,36.79,,2215533.0
2022-04-25,36.53,36.85,35.93,36.58,,2983517.0
2022-04-26,36.38,36.48,35.19,35.24,,4084697.0
2022-04-27,35.16,35.45,34.44,34.92,,2262449.0
2022-04-28,35.13,35.49,34.8,35.19,,2085330.0
2022-04-29,35.07,35.36,34.43,34.51,,2464944.0
2022-05-02,34.62,35.31,34.55,35.21,,2704088.0
2022-05-03,35.31,35.41,34.67,34.9,,3057001.0
2022-05-04,34.89,35.77,34.74,35.67,,1890412.0
2022-05-05,35.38,35.71,34.88,35.19,,1867235.0
2022-05-06,34.93,35.02,32.94,33.32,,3164644.0
2022-05-09,32.95,33.24,31.9,31.98,,4064992.0
2022-05-10,30.89,32.13,30.19,31.22,,4567624.0
2022-05-11,31.32,32.6,31.23,31.98,,3779767.0
2022-05-12,31.88,32.43,31.25,32.21,,3275816.0
2022-05-13,32.51,33.01,32.26,32.55,,2672267.0
2022-05-16,32.5,32.81,32.2,32.44,,2351703.0
2022-05-17,32.75,33.65,32.7,33.45,,2340547.0
2022-05-18,33.22,33.33,32.17,32.25,,2876692.0
2022-05-19,31.98,32.46,31.76,32.09,,3425544.0
2022-05-20,32.55,32.59,31.82,32.22,,2496476.0
2022-05-23,32.86,33.12,32.07,32.92,,2512439.0
2022-05-24,32.74,32.76,31.03,31.29,,2409473.0
2022-05-25,31.27,32.28,31.25,32.07,,2353906.0
2022-05-26,32.29,33.32,32.25,33.26,,2950503.0
2022-05-27,33.23,34.21,33.1,34.15,,2573429.0
2022-05-31,34.03,34.3,33.85,34.19,,4768603.0
2022-06-01,34.38,34.45,33.0,33.57,,2447823.0
2022-06-02,32.95,33.58,32.6,33.14,,2695704.0
2022-06-03,32.86,33.17,32.68,32.86,,1933656.0
2022-06-06,32.84,33.2,32.63,32.82,,1425627.0
2022-06-07,32.51,33.37,32.41,33.32,,1722534.0
2022-06-08,33.11,33.6,32.75,32.8,,1660164.0
2022-06-09,33.02,33.02,32.21,32.24,,1582312.0
2022-06-10,31.83,31.95,31.18,31.19,,2402308.0
2022-06-13,30.61,30.81,30.16,30.35,,3401677.0
2022-06-14,30.4,31.15,30.22,30.84,,3101204.0
2022-06-15,31.07,32.13,30.99,31.61,,3124967.0
2022-06-16,31.15,31.35,30.34,31.08,,3714685.0
2022-06-17,31.08,31.57,30.69,30.88,,6015496.0
2022-06-21,31.32,31.8,31.11,31.35,,2050753.0
2022-06-22,31.02,31.32,30.68,30.87,,2219303.0
2022-06-23,30.9,30.99,30.45,30.88,,1564314.0
2022-06-24,31.08,31.93,31.03,31.58,,2680821.0
2022-06-27,31.67,31.86,31.33,31.81,,2094632.0
2022-06-28,31.93,32.23,31.41,31.5,,1842353.0
2022-06-29,31.47,31.55,30.8,31.43,,1761614.0
2022-06-30,31.06,31.54,30.79,30.97,,2403298.0
2022-07-01,30.86,31.9,30.8,31.84,,1507552.0
2022-07-05,31.43,31.95,30.94,31.94,,1517769.0
2022-07-06,32.09,32.35,31.37,31.93,,2037550.0
2022-07-07,31.95,32.55,31.95,32.26,,1872141.0
2022-07-08,32.32,32.52,31.89,32.01,,1744590.0
2022-07-11,31.73,31.92,31.46,31.68,,1378331.0
2022-07-12,31.64,32.46,31.64,31.99,,1523834.0
2022-07-13,31.64,31.89,30.8,31.62,,1862169.0
2022-07-14,31.23,31.49,31.06,31.3,,1613689.0
2022-07-15,31.59,32.46,31.55,32.43,,1945426.0
2022-07-18,31.98,32.53,31.52,32.0,,2474897.0
2022-07-19,32.3,33.05,32.3,32.98,,1808242.0
2022-07-20,33.05,33.67,32.86,33.45,,1797488.0
2022-07-21,33.38,33.68,33.14,33.65,,1755031.0
2022-07-22,33.7,34.04,33.47,33.86,,1594247.0
2022-07-25,33.79,34.23,33.72,33.97,,1832771.0
2022-07-26,33.7,33.89,32.5,32.84,,1983941.0
2022-07-27,32.99,33.41,32.77,33.38,,2268478.0
2022-07-28,33.25,33.65,32.77,33.59,,2069846.0
2022-07-29,33.62,33.62,31.66,31.88,,4963910.0
2022-08-01,31.61,32.26,31.55,32.2,,2601646.0
2022-08-02,32.16,32.5,31.9,31.97,,1136402.0
2022-08-03,31.78,32.56,31.78,32.33,,1892867.0
2022-08-04,32.23,32.74,32.12,32.29,,1443993.0
2022-08-05,31.94,32.28,31.65,32.09,,1930268.0
2022-08-08,32.25,32.51,32.05,32.23,,2643080.0
2022-08-09,32.33,32.74,32.15,32.49,,2526834.0
2022-08-10,33.5,34.18,32.77,33.59,,3566335.0
2022-08-11,33.88,35.19,33.88,35.08,,2739687.0
2022-08-12,35.3,35.4,34.8,35.15,,2422547.0
2022-08-15,34.91,35.14,34.67,35.03,,2062305.0
2022-08-16,34.96,35.34,34.81,35.15,,2562825.0
2022-08-17,34.79,35.25,34.67,34.83,,2299248.0
2022-08-18,34.95,35.15,34.54,34.68,,1396629.0
2022-08-19,34.53,34.58,34.17,34.36,,1983903.0
2022-08-22,33.99,34.19,33.19,33.41,,1864126.0
2022-08-23,33.39,33.87,33.1,33.23,,1531141.0
2022-08-24,33.25,33.83,33.02,33.49,,2099294.0
2022-08-25,33.62,33.81,33.39,33.68,,1396924.0
2022-08-26,33.72,34.08,32.92,32.97,,2308445.0
2022-08-29,32.79,33.23,32.55,33.05,,1597264.0
2022-08-30,33.19,33.32,32.79,33.17,,2618533.0
2022-08-31,33.37,33.65,33.13,33.15,,2479939.0
2022-09-01,32.98,33.1,32.7,33.02,,2261862.0
2022-09-02,33.23,33.5,32.61,32.73,,2373226.0
2022-09-06,32.79,32.86,31.68,31.98,,2678277.0
2022-09-07,31.92,32.52,31.83,32.42,,1951351.0
2022-09-08,32.3,32.53,31.57,32.51,,2188608.0
2022-09-09,32.73,33.57,32.65,33.48,,2640821.0
2022-09-12,33.6,33.93,33.48,33.75,,2986470.0
2022-09-13,32.72,33.38,32.41,32.48,,1953484.0
2022-09-14,32.57,32.62,31.67,32.51,,2015946.0
2022-09-15,32.49,33.72,32.43,33.52,,3366533.0
2022-09-16,33.5,33.54,32.14,32.66,,6348471.0
2022-09-19,32.44,33.35,32.43,33.33,,2092625.0
2022-09-20,33.01,33.35,32.73,33.21,,2305470.0
2022-09-21,33.24,33.34,31.73,31.74,,2137146.0
2022-09-22,31.67,31.75,31.14,31.15,,3202196.0
2022-09-23,30.78,30.92,30.24,30.76,,2494748.0
2022-09-26,30.55,31.11,30.1,30.19,,2255943.0
2022-09-27,30.48,30.91,29.83,30.02,,1958757.0
2022-09-28,30.14,30.65,29.87,30.5,,1835619.0
2022-09-29,30.15,30.25,29.4,29.59,,4066991.0
2022-09-30,29.8,30.42,29.63,29.76,,3276158.0
2022-10-03,30.14,30.36,29.66,30.32,,2627749.0
2022-10-04,30.47,31.42,30.44,31.26,,2379810.0
2022-10-05,30.76,31.03,30.39,30.59,,2731579.0
2022-10-06,31.11,31.11,30.1,30.23,,3697160.0
2022-10-07,29.97,30.51,29.84,30.43,,2588428.0
2022-10-10,30.6,30.84,30.14,30.2,,1761988.0
2022-10-11,30.04,30.19,29.5,29.75,,2361221.0
2022-10-12,29.77,29.95,29.38,29.57,,2521479.0
2022-10-13,29.23,30.85,29.13,30.75,,4073095.0
2022-10-14,30.9,31.22,30.45,30.6,,2151944.0
2022-10-17,28.85,29.19,27.42,27.72,,12668459.0
2022-10-18,28.42,29.02,27.84,28.32,,6942821.0
2022-10-19,28.44,28.96,27.99,28.44,,4065263.0
2022-10-20,28.38,28.66,28.09,28.14,,2223694.0
2022-10-21,28.15,28.85,28.11,28.55,,2952399.0
2022-10-24,28.75,28.94,28.22,28.73,,3868035.0
2022-10-25,28.62,29.06,28.52,28.94,,2444502.0
2022-10-26,28.97,29.23,28.07,28.1,,2424206.0
2022-10-27,28.13,28.25,27.17,27.32,,3663895.0
2022-10-28,27.45,28.06,27.28,27.97,,2844446.0
2022-10-31,27.97,28.13,27.61,28.0,,3363670.0
2022-11-01,29.2,30.32,28.58,29.61,,4272255.0
2022-11-02,29.26,30.3,29.14,29.15,,4290057.0
2022-11-03,28.95,29.28,28.63,29.05,,2601008.0
2022-11-04,29.4,29.65,28.28,28.94,,3799298.0
2022-11-07,29.26,29.38,28.01,28.26,,3418980.0
2022-11-08,28.19,28.96,28.09,28.46,,3906421.0
2022-11-09,28.02,28.02,27.23,27.59,,3487603.0
2022-11-10,28.47,28.81,28.23,28.56,,3209832.0
2022-11-11,28.82,29.78,28.58,29.6,,2946575.0
2022-11-14,29.67,30.23,29.48,29.5,,3584649.0
2022-11-15,29.84,30.38,29.55,29.83,,2664198.0
2022-11-16,29.82,29.84,29.05,29.57,,2382890.0
2022-11-17,29.2,29.82,29.19,29.71,,2069739.0
2022-11-18,30.07,30.18,29.72,30.0,,2130342.0
2022-11-21,30.12,30.22,29.33,29.59,,2275894.0
2022-11-22,29.83,30.02,29.62,29.97,,1805970.0
2022-11-23,29.87,30.21,29.64,30.15,,2408216.0
2022-11-25,30.18,30.37,30.03,30.35,,901106.0
2022-11-28,30.15,30.5,29.92,30.07,,1966889.0
2022-11-29,30.19,30.8,30.09,30.77,,2295899.0
2022-11-30,30.68,31.49,30.31,31.48,,4222208.0
2022-12-01,31.57,31.77,30.72,31.14,,2898486.0
2022-12-02,30.79,31.62,30.48,31.57,,2820257.0
2022-12-05,31.51,31.75,31.01,31.05,,2839926.0
2022-12-06,31.17,31.64,29.86,30.07,,3538731.0
2022-12-07,29.96,30.33,29.38,29.78,,2817968.0
2022-12-08,29.89,30.66,29.72,30.07,,2029541.0
2022-12-09,30.07,30.57,29.87,30.37,,1586176.0
2022-12-12,30.34,30.59,30.06,30.58,,2236633.0
2022-12-13,31.43,31.77,30.84,31.07,,2316029.0
2022-12-14,30.84,31.39,30.64,30.84,,2093114.0
2022-12-15,30.61,30.68,29.75,29.78,,2369539.0
2022-12-16,29.6,29.95,29.45,29.82,,5252141.0
2022-12-19,29.72,29.72,28.38,28.6,,2206193.0
2022-12-20,28.6,29.1,28.48,29.05,,2547557.0
2022-12-21,29.24,29.59,29.12,29.42,,2498565.0
2022-12-22,29.2,29.63,29.11,29.58,,1699982.0
2022-12-23,29.56,29.91,29.52,29.84,,1429416.0
2022-12-27,29.84,29.87,29.38,29.7,,1200077.0
2022-12-28,29.61,29.75,29.16,29.21,,1249582.0
2022-12-29,29.43,29.93,29.29,29.64,,1267980.0
2022-12-30,29.39,29.55,29.02,29.46,,2620860.0
2023-01-03,29.41,29.71,29.11,29.36,,2750083.0
2023-01-04,29.63,30.42,29.17,30.34,,2446123.0
2023-01-05,30.27,30.27,29.72,29.92,,2534415.0
2023-01-06,30.12,30.83,30.02,30.8,,2062084.0
2023-01-09,30.82,31.02,30.28,30.33,,4112705.0
2023-01-10,30.29,30.95,30.19,30.93,,2061952.0
2023-01-11,31.03,31.17,30.54,31.11,,2455725.0
2023-01-12,31.22,31.34,30.83,31.24,,2238496.0
2023-01-13,31.02,31.38,30.87,31.36,,1718251.0
2023-01-17,31.19,31.42,30.71,30.82,,1763225.0
2023-01-18,30.82,31.12,30.49,30.53,,2383102.0
2023-01-19,30.42,30.51,29.89,30.37,,2820109.0
2023-01-20,30.52,30.69,30.29,30.61,,1956169.0
2023-01-23,30.65,31.76,30.65,31.69,,1770984.0
2023-01-24,31.51,31.86,31.39,31.69,,1733383.0
2023-01-25,32.26,33.11,32.05,32.48,,5308169.0
2023-01-26,32.53,33.03,32.42,32.94,,2239171.0
2023-01-27,32.91,33.05,32.65,32.83,,1518567.0
2023-01-30,32.57,32.85,32.48,32.65,,1951787.0
2023-01-31,32.65,32.96,32.51,32.92,,2027808.0
2023-02-01,32.72,33.49,32.49,33.28,,2376677.0
2023-02-02,33.42,34.21,33.17,33.93,,1893100.0
2023-02-03,33.75,33.97,33.05,33.56,,2128933.0
2023-02-06,33.37,33.37,32.77,32.95,,2300924.0
2023-02-07,32.63,33.09,32.22,33.03,,2536933.0
2023-02-08,35.23,35.69,34.07,34.47,,7006488.0
2023-02-09,35.27,35.33,34.4,34.67,,4691633.0
2023-02-10,34.69,34.97,34.42,34.73,,3722656.0
2023-02-13,34.77,35.04,34.4,34.62,,2772248.0
2023-02-14,34.52,34.88,34.3,34.69,,2319388.0
2023-02-15,34.64,36.03,34.55,36.0,,2963986.0
2023-02-16,35.57,36.1,35.49,35.63,,2840081.0
2023-02-17,35.62,36.14,35.4,35.92,,4451426.0
2023-02-21,35.68,36.03,35.05,35.08,,2916430.0
2023-02-22,35.06,35.54,35.01,35.41,,3062758.0
2023-02-23,35.28,35.64,34.83,35.25,,2639028.0
2023-02-24,34.79,35.08,34.63,34.81,,2115327.0
2023-02-27,34.97,35.0,34.51,34.61,,2596778.0
2023-02-28,34.34,34.82,34.06,34.21,,3706093.0
2023-03-01,33.94,34.19,33.83,34.0,,2213855.0
2023-03-02,33.95,34.36,33.86,34.3,,2442034.0
2023-03-03,34.43,34.51,34.0,34.11,,2451381.0
2023-03-06,34.35,34.74,33.94,34.0,,2913088.0
2023-03-07,34.0,34.35,33.84,33.89,,2658788.0
2023-03-08,33.89,34.2,33.54,33.7,,2177539.0
2023-03-09,33.74,33.96,32.45,32.5,,2899105.0
2023-03-10,32.36,32.64,32.04,32.37,,3165848.0
2023-03-13,32.13,32.27,31.46,31.53,,3687511.0
2023-03-14,32.01,32.42,31.75,32.14,,3109505.0
2023-03-15,31.51,32.05,31.5,31.77,,2807843.0
2023-03-16,31.58,32.29,31.5,32.18,,3746690.0
2023-03-17,32.02,32.29,31.88,31.97,,6166425.0
2023-03-20,32.01,33.12,31.91,32.66,,3204462.0
2023-03-21,33.03,33.29,32.68,32.95,,3386248.0
2023-03-22,32.92,33.26,32.53,32.55,,2748664.0
2023-03-23,32.7,33.43,32.62,32.89,,2733459.0
2023-03-24,32.7,32.71,31.4,32.3,,4762588.0
2023-03-27,32.46,33.23,32.45,32.85,,3449062.0
2023-03-28,32.06,32.58,31.95,32.0,,3843500.0
2023-03-29,32.27,32.56,32.16,32.4,,2546982.0
2023-03-30,32.61,33.11,32.61,32.89,,2135635.0
2023-03-31,33.02,33.3,32.95,33.26,,3280123.0
2023-04-03,33.33,33.58,33.14,33.39,,2835502.0
2023-04-04,33.47,33.65,32.85,33.09,,2516334.0
2023-04-05,32.79,33.14,32.66,32.96,,2499688.0
2023-04-06,32.6,32.87,32.45,32.68,,2604121.0
2023-04-10,32.54,33.21,32.54,33.15,,2343643.0
2023-04-11,33.14,33.7,32.76,33.4,,2762459.0
2023-04-12,33.59,33.79,32.89,32.95,,2262196.0
2023-04-13,33.05,33.29,33.01,33.16,,2362479.0
2023-04-14,32.94,33.2,32.36,32.64,,2292544.0
2023-04-17,32.67,33.3,32.66,33.2,,2292006.0
2023-04-18,33.34,33.44,32.92,33.21,,3359006.0
2023-04-19,32.73,33.2,32.01,33.06,,4257953.0
2023-04-20,32.92,33.21,32.74,32.92,,2770237.0
2023-04-21,32.77,32.87,32.2,32.84,,3066977.0
2023-04-24,32.75,33.05,31.06,31.89,,11115149.0
2023-04-25,31.71,32.13,31.41,31.69,,4127917.0
2023-04-26,31.59,32.12,31.58,31.72,,3237168.0
2023-04-27,31.76,32.12,31.13,32.1,,4978686.0
2023-04-28,31.93,32.72,31.93,32.49,,3777144.0
2023-05-01,32.37,32.9,32.37,32.53,,2676518.0
2023-05-02,32.38,32.42,31.76,32.3,,2700924.0
2023-05-03,32.39,32.66,31.87,31.94,,3526411.0
2023-05-04,31.26,31.27,30.38,30.44,,6172895.0
2023-05-05,30.74,31.37,30.65,31.23,,3059958.0
2023-05-08,31.14,31.58,31.1,31.43,,4548149.0
2023-05-09,31.66,32.39,30.85,30.95,,6425637.0
2023-05-10,31.18,31.34,29.97,30.47,,5386097.0
2023-05-11,30.12,30.32,29.52,29.96,,5624321.0
2023-05-12,29.67,30.15,29.52,30.01,,4623972.0
2023-05-15,30.06,30.38,29.78,30.29,,3188837.0
2023-05-16,30.24,30.36,29.81,29.82,,3368087.0
2023-05-17,30.03,30.69,29.86,30.65,,3940484.0
2023-05-18,30.66,30.88,30.03,30.37,,4198098.0
2023-05-19,30.42,30.73,30.34,30.62,,3922133.0
2023-05-22,30.82,30.96,30.44,30.59,,2898988.0
2023-05-23,30.6,31.08,30.6,30.63,,3020126.0
2023-05-24,30.61,30.75,30.25,30.31,,2883602.0
2023-05-25,30.09,30.66,30.07,30.35,,3713967.0
2023-05-26,30.49,30.88,30.41,30.67,,3144632.0
2023-05-30,30.64,30.92,30.5,30.75,,4574630.0
2023-05-31,30.64,30.75,30.23,30.48,,9016497.0
2023-06-01,30.56,30.88,30.23,30.59,,3766198.0
2023-06-02,30.83,31.27,30.79,31.13,,3583301.0
2023-06-05,31.1,31.5,31.05,31.45,,3528359.0
2023-06-06,31.33,31.98,31.2,31.79,,3253276.0
2023-06-07,32.03,32.77,31.91,32.58,,4994862.0
2023-06-08,32.64,33.09,32.49,33.06,,3883031.0
2023-06-09,33.08,33.18,32.68,32.76,,4944813.0
2023-06-12,32.74,33.01,32.52,32.72,,3060239.0
2023-06-13,32.95,33.08,32.47,32.54,,4844958.0
2023-06-14,32.68,33.13,32.38,32.52,,4153661.0
2023-06-15,32.46,33.09,32.36,32.89,,5036932.0
2023-06-16,32.95,33.25,32.69,32.86,,10266021.0
2023-06-20,32.76,32.91,32.21,32.48,,6063115.0
2023-06-21,32.48,32.67,32.25,32.42,,3799804.0
2023-06-22,32.33,32.37,31.95,32.14,,4326465.0
2023-06-23,31.97,32.08,31.81,31.91,,4638095.0
2023-06-26,32.03,32.53,31.96,32.47,,3545344.0
2023-06-27,32.5,33.77,32.49,33.57,,5144027.0
2023-06-28,33.6,33.64,33.27,33.54,,3081809.0
2023-06-29,33.43,33.78,33.28,33.61,,2398967.0
2023-06-30,33.78,33.83,33.18,33.21,,3015883.0
2023-07-03,32.99,33.56,32.9,33.53,,1194985.0
2023-07-05,33.28,33.73,33.03,33.42,,2830340.0
2023-07-06,33.07,33.32,32.94,33.25,,3485529.0
2023-07-07,33.17,33.58,32.98,33.29,,3464407.0
2023-07-10,32.39,33.33,32.3,32.92,,6563937.0
2023-07-11,33.06,33.14,32.87,32.95,,3581538.0
2023-07-12,33.36,33.69,32.84,32.89,,4139041.0
2023-07-13,32.86,33.1,32.53,32.9,,5477734.0
2023-07-14,32.82,32.82,32.17,32.42,,3906305.0
2023-07-17,32.39,32.75,32.24,32.67,,2880135.0
2023-07-18,32.75,33.5,32.72,33.21,,3111700.0
2023-07-19,33.15,33.45,32.69,32.94,,4909459.0
2023-07-20,33.1,33.1,32.72,33.0,,3129054.0
2023-07-21,32.97,33.0,32.56,32.74,,3163872.0
2023-07-24,32.71,32.79,32.15,32.43,,4016067.0
2023-07-25,32.34,32.57,32.12,32.21,,4132469.0
2023-07-26,32.33,32.62,32.12,32.38,,5014892.0
2023-07-27,32.63,32.87,32.27,32.33,,3185193.0
2023-07-28,32.64,32.71,32.1,32.47,,5216925.0
2023-07-31,32.55,33.02,32.55,32.68,,3808619.0
2023-08-01,32.65,32.72,32.44,32.49,,1945318.0
2023-08-02,32.43,32.65,32.34,32.56,,2321727.0
2023-08-03,32.42,32.53,31.96,32.2,,3655395.0
2023-08-04,32.14,32.79,32.0,32.3,,3574393.0
2023-08-07,32.52,32.67,32.28,32.32,,5276860.0
2023-08-08,33.69,34.41,33.57,34.12,,14957066.0
2023-08-09,34.09,34.59,33.67,33.85,,5866862.0
2023-08-10,34.04,34.23,33.34,33.69,,5052327.0
2023-08-11,33.53,34.09,33.43,33.8,,2671989.0
2023-08-14,33.67,33.81,32.97,33.06,,5834377.0
2023-08-15,32.83,33.41,32.57,33.22,,3445352.0
2023-08-16,33.15,33.4,32.8,32.81,,3210224.0
2023-08-17,32.82,32.93,32.17,32.19,,4366319.0
2023-08-18,32.0,32.75,32.0,32.68,,2764683.0
2023-08-21,32.61,32.78,32.3,32.43,,3361296.0
2023-08-22,32.4,32.6,32.05,32.1,,2974819.0
2023-08-23,32.15,32.33,32.09,32.18,,2217239.0
2023-08-24,32.0,32.37,31.65,31.83,,4404988.0
2023-08-25,31.94,32.12,31.49,31.68,,2357462.0
2023-08-28,31.88,32.06,31.73,32.01,,3141436.0
2023-08-29,32.04,32.6,31.97,32.4,,4147969.0
2023-08-30,32.49,32.96,32.41,32.89,,3281210.0
2023-08-31,32.91,33.05,32.51,32.55,,4215248.0
2023-09-01,32.55,32.55,30.47,30.5,,7248351.0
2023-09-05,30.42,31.5,30.42,30.95,,5506967.0
2023-09-06,30.77,31.21,30.68,30.9,,4585847.0
2023-09-07,30.94,31.08,30.33,30.38,,3895487.0
2023-09-08,30.42,30.88,30.38,30.88,,2910368.0
2023-09-11,30.88,31.82,30.84,31.19,,3229086.0
2023-09-12,31.17,31.68,31.0,31.63,,3371609.0
2023-09-13,31.65,31.75,30.83,30.9,,4989594.0
2023-09-14,31.2,31.57,31.13,31.54,,3327699.0
2023-09-15,31.56,32.04,31.34,31.39,,7902519.0
2023-09-18,31.32,31.41,30.93,31.3,,2721203.0
2023-09-19,31.33,31.66,31.28,31.6,,3050119.0
2023-09-20,31.65,31.76,30.66,30.67,,4993908.0
2023-09-21,30.68,31.9,30.6,31.65,,5403438.0
2023-09-22,31.67,31.79,30.86,30.87,,3711453.0
2023-09-25,30.85,30.99,30.5,30.73,,2983481.0
2023-09-26,30.46,30.95,30.35,30.47,,3016140.0
2023-09-27,30.51,30.67,30.08,30.44,,2935001.0
2023-09-28,30.44,31.03,30.41,30.66,,2761322.0
2023-09-29,30.84,31.07,30.61,30.72,,2524751.0
2023-10-02,30.6,30.7,30.16,30.38,,3780117.0
2023-10-03,30.24,30.28,29.63,29.74,,3417324.0
2023-10-04,29.74,29.98,29.26,29.84,,2729129.0
2023-10-05,29.85,30.05,29.43,29.74,,2131861.0
2023-10-06,29.49,30.03,29.4,29.91,,3092894.0
2023-10-09,29.74,30.59,29.66,30.5,,2939360.0
2023-10-10,30.59,30.93,30.52,30.79,,2084910.0
2023-10-11,30.89,31.16,30.58,30.71,,1992846.0
2023-10-12,30.82,30.82,30.15,30.28,,1919638.0
2023-10-13,30.41,30.61,30.29,30.47,,2717696.0
2023-10-16,30.59,31.36,30.59,31.13,,2489765.0
2023-10-17,31.02,31.63,30.95,31.42,,2210244.0
2023-10-18,31.28,31.54,31.02,31.07,,2099412.0
2023-10-19,31.15,31.16,30.36,30.38,,2869091.0
2023-10-20,30.38,30.5,30.12,30.15,,2109565.0
2023-10-23,30.18,30.44,29.93,30.03,,1834607.0
2023-10-24,30.22,30.44,29.86,29.98,,1612566.0
2023-10-25,29.96,30.18,29.74,29.78,,2742175.0
2023-10-26,29.74,29.77,29.06,29.34,,2908073.0
2023-10-27,29.28,29.57,28.94,28.99,,2259715.0
2023-10-30,29.13,29.3,28.92,29.13,,3635316.0
2023-10-31,29.21,30.02,29.16,29.92,,5738951.0
2023-11-01,29.94,30.11,29.59,29.99,,3959834.0
2023-11-02,28.67,30.94,28.22,30.47,,5421913.0
2023-11-03,30.59,32.25,30.37,31.33,,4111180.0
2023-11-06,31.23,31.33,30.61,30.82,,2626196.0
2023-11-07,30.83,30.9,30.45,30.46,,3621091.0
2023-11-08,30.36,30.36,29.93,30.06,,4731249.0
2023-11-09,30.93,31.16,29.19,29.22,,4888929.0
2023-11-10,29.28,29.81,29.18,29.67,,3625105.0
2023-11-13,29.43,29.59,28.97,29.13,,2443892.0
2023-11-14,29.73,30.06,29.6,29.63,,3156870.0
2023-11-15,29.63,30.17,29.63,30.0,,3129442.0
2023-11-16,30.09,30.25,29.36,29.62,,8912165.0
2023-11-17,29.86,30.02,29.67,29.89,,3644365.0
2023-11-20,29.92,30.38,29.81,30.17,,5725090.0
2023-11-21,30.2,30.39,29.76,29.84,,7439215.0
2023-11-22,29.91,30.04,29.66,29.89,,5662872.0
2023-11-24,30.0,30.16,29.96,30.0,,1442737.0
2023-11-27,29.9,29.97,29.66,29.75,,4520041.0
2023-11-28,29.7,29.8,29.35,29.4,,3488715.0
2023-11-29,29.48,29.61,28.91,29.12,,4236864.0
2023-11-30,29.13,29.31,28.83,29.09,,6639198.0
2023-12-01,29.14,29.92,29.09,29.74,,5336951.0
2023-12-04,29.64,29.89,29.51,29.78,,5883410.0
2023-12-05,29.74,29.74,28.58,29.03,,4966177.0
2023-12-06,29.1,29.22,28.71,28.76,,3518584.0
2023-12-07,28.79,29.13,28.72,28.88,,3705825.0
2023-12-08,28.94,29.7,28.91,29.48,,5149521.0
2023-12-11,29.5,29.61,29.15,29.23,,2993845.0
2023-12-12,29.3,29.34,28.53,28.65,,2965087.0
2023-12-13,28.53,29.14,28.29,29.1,,4047872.0
2023-12-14,29.51,30.28,29.36,29.61,,5498671.0
2023-12-15,29.65,29.78,29.08,29.32,,10703739.0
2023-12-18,29.5,29.56,29.05,29.19,,4226984.0
2023-12-19,29.26,29.51,29.15,29.49,,3781557.0
2023-12-20,29.51,29.61,28.94,28.99,,3223133.0
2023-12-21,29.1,29.56,28.89,29.51,,3759045.0
2023-12-22,29.63,29.86,29.13,29.35,,2640617.0
2023-12-26,29.29,29.46,28.97,29.42,,2209856.0
2023-12-27,29.37,29.51,29.19,29.24,,1869732.0
2023-12-28,29.26,29.48,29.19,29.28,,1779536.0
2023-12-29,29.23,29.34,29.01,29.21,,2127497.0
2024-01-02,29.21,30.04,28.97,29.77,,2889576.0
2024-01-03,29.69,29.95,29.43,29.54,,3485529.0
2024-01-04,29.76,29.83,29.34,29.6,,2937398.0
2024-01-05,29.61,30.04,29.5,29.68,,2268379.0
2024-01-08,29.64,30.15,29.55,30.08,,2366098.0
2024-01-09,29.91,30.06,29.71,29.79,,2556209.0
2024-01-10,29.72,30.34,29.37,30.2,,5144744.0
2024-01-11,30.23,30.47,29.91,30.42,,5670799.0
2024-01-12,30.47,30.77,30.34,30.66,,3199118.0
2024-01-16,30.44,30.55,30.04,30.28,,3765168.0
2024-01-17,30.03,30.5,29.92,30.17,,2584592.0
2024-01-18,30.31,30.55,30.0,30.39,,3201923.0
2024-01-19,30.53,30.63,30.11,30.55,,2688539.0
2024-01-22,30.7,30.96,30.59,30.79,,2493462.0
2024-01-23,30.93,31.21,30.71,31.03,,2872739.0
2024-01-24,31.28,31.3,30.82,30.93,,1741772.0
2024-01-25,31.2,31.73,31.15,31.64,,2876230.0
2024-01-26,31.73,31.81,31.57,31.72,,1707831.0
2024-01-29,31.67,31.88,31.57,31.85,,2240896.0
2024-01-30,31.78,31.96,31.66,31.8,,1844900.0
2024-01-31,31.85,32.29,31.65,31.8,,3525401.0
2024-02-01,31.89,32.0,31.29,31.91,,2634720.0
2024-02-02,31.7,31.81,31.24,31.31,,2561414.0
2024-02-05,31.06,31.29,30.91,30.93,,3565533.0
2024-02-06,30.84,31.32,30.73,31.13,,4481391.0
2024-02-07,32.36,32.45,28.95,29.02,,7923020.0
2024-02-08,29.29,29.4,28.08,28.34,,7354106.0
2024-02-09,28.45,29.4,28.3,29.31,,6355543.0
2024-02-12,29.27,30.1,29.24,29.97,,5056464.0
2024-02-13,29.58,29.7,28.83,29.23,,3787308.0
2024-02-14,29.34,29.86,29.18,29.78,,3599676.0
2024-02-15,29.79,30.32,29.77,30.09,,4223623.0
2024-02-16,30.02,30.14,29.71,29.97,,2775456.0
2024-02-20,29.81,30.01,29.6,29.63,,2752902.0
2024-02-21,29.59,29.69,29.06,29.49,,3067757.0
2024-02-22,29.43,29.65,29.16,29.39,,2648462.0
2024-02-23,29.55,29.98,29.21,29.76,,3628706.0
2024-02-26,29.63,29.81,29.12,29.17,,2938042.0
2024-02-27,29.25,29.41,29.03,29.11,,2723490.0
2024-02-28,29.08,29.17,28.93,28.99,,2854808.0
2024-02-29,29.18,29.65,29.1,29.33,,5212082.0
2024-03-01,29.39,29.43,28.78,28.97,,3217373.0
2024-03-04,28.83,28.86,27.96,28.59,,3900498.0
2024-03-05,28.45,29.13,28.23,28.63,,4544652.0
2024-03-06,28.58,28.87,28.1,28.23,,4124282.0
2024-03-07,28.25,28.53,28.16,28.47,,4007288.0
2024-03-08,28.52,28.8,28.48,28.67,,3289546.0
2024-03-11,28.72,29.95,28.72,29.74,,3561781.0
2024-03-12,29.8,29.84,29.1,29.27,,2762434.0
2024-03-13,29.31,29.77,29.31,29.59,,3375932.0
2024-03-14,29.5,29.61,28.95,29.13,,3363946.0
2024-03-15,29.1,29.66,29.1,29.36,,5970302.0
2024-03-18,29.49,29.69,29.15,29.52,,2867378.0
2024-03-19,29.57,29.84,29.42,29.62,,2735042.0
2024-03-20,29.48,30.24,29.34,30.02,,3046671.0
2024-03-21,30.16,30.36,29.86,30.31,,2617734.0
2024-03-22,30.38,30.57,29.69,29.84,,1999318.0
2024-03-25,29.99,30.24,29.87,30.02,,3206047.0
2024-03-26,30.15,30.6,29.95,30.38,,3419277.0
2024-03-27,30.62,31.01,30.45,30.97,,3788945.0
2024-03-28,31.04,31.16,30.73,31.07,,4151228.0
2024-04-01,31.07,31.16,30.73,31.15,,2744402.0
2024-04-02,31.11,31.54,30.73,30.83,,2260941.0
2024-04-03,30.83,31.26,30.62,31.21,,2653585.0
2024-04-04,31.36,31.6,30.89,30.94,,3237742.0
2024-04-05,31.02,31.22,30.75,30.82,,6128219.0
2024-04-08,30.75,31.2,30.54,31.01,,3636703.0
2024-04-09,31.02,31.32,30.86,31.15,,3662575.0
2024-04-10,30.73,30.89,30.39,30.67,,2688719.0
2024-04-11,30.68,30.84,30.17,30.54,,2556492.0
2024-04-12,30.4,30.49,29.86,29.89,,2349184.0
2024-04-15,29.89,30.84,29.82,30.15,,4615301.0
2024-04-16,30.11,30.4,29.88,30.2,,3130973.0
2024-04-17,30.44,30.55,30.1,30.26,,2107380.0
2024-04-18,30.43,30.71,30.19,30.57,,2029261.0
2024-04-19,30.69,31.31,30.67,31.19,,2436824.0
2024-04-22,31.39,31.39,31.03,31.2,,2431681.0
2024-04-23,31.27,31.6,31.16,31.5,,1971969.0
2024-04-24,31.33,31.63,31.17,31.5,,2394788.0
2024-04-25,31.23,31.57,31.06,31.47,,2392270.0
2024-04-26,31.31,31.48,30.88,31.01,,3166044.0
2024-04-29,31.08,31.46,31.02,31.36,,2564735.0
2024-04-30,31.27,31.34,30.71,30.81,,3475802.0
2024-05-01,30.75,31.32,30.75,31.13,,2258080.0
2024-05-02,31.28,31.47,30.97,31.45,,2011347.0
2024-05-03,31.67,31.93,31.52,31.9,,2587669.0
2024-05-06,32.16,32.36,31.93,32.35,,2612163.0
2024-05-07,32.29,32.55,32.05,32.11,,4354700.0
2024-05-08,32.17,33.01,31.5,32.94,,4277857.0
2024-05-09,33.55,33.93,32.99,33.1,,4287802.0
2024-05-10,33.25,33.53,33.04,33.19,,2488207.0
2024-05-13,33.27,33.59,32.92,32.96,,3073902.0
2024-05-14,33.19,33.38,32.97,33.09,,2627206.0
2024-05-15,33.16,33.24,32.71,32.75,,2463179.0
2024-05-16,32.57,32.79,32.24,32.47,,3927751.0
2024-05-17,32.52,32.66,32.29,32.64,,2229218.0
2024-05-20,32.59,32.84,32.43,32.78,,1908593.0
2024-05-21,32.78,33.07,32.63,32.66,,2204581.0
2024-05-22,32.47,32.81,32.3,32.79,,2280523.0
2024-05-23,32.7,33.06,32.45,32.76,,2546591.0
2024-05-24,32.94,33.41,32.84,33.39,,2045432.0
2024-05-28,33.36,33.64,33.12,33.28,,2546933.0
2024-05-29,33.28,33.77,33.05,33.59,,3043789.0
2024-05-30,33.67,34.35,33.38,34.05,,3409723.0
2024-05-31,34.07,34.57,33.88,34.21,,5502346.0
2024-06-03,34.4,34.77,34.2,34.58,,2853858.0
2024-06-04,34.41,34.81,34.28,34.3,,3276365.0
2024-06-05,34.37,34.52,34.06,34.4,,2757687.0
2024-06-06,34.29,34.68,34.05,34.13,,2714316.0
2024-06-07,33.88,34.4,33.84,33.89,,2413608.0
2024-06-10,33.68,33.8,33.23,33.47,,3236927.0
2024-06-11,33.29,33.55,33.09,33.12,,3165795.0
2024-06-12,33.39,33.44,32.94,33.2,,2311963.0
2024-06-13,32.98,33.18,32.86,33.11,,2204814.0
2024-06-14,32.91,33.14,32.72,32.96,,2410140.0
2024-06-17,32.98,33.25,32.55,33.22,,3176263.0
2024-06-18,33.3,33.79,33.28,33.34,,2789736.0
2024-06-20,33.34,34.19,33.28,34.13,,3676468.0
2024-06-21,34.17,34.41,33.98,34.24,,5624628.0
2024-06-24,34.07,34.32,33.8,34.24,,1941436.0
2024-06-25,34.38,34.65,34.09,34.39,,2879553.0
2024-06-26,34.12,34.33,33.77,34.2,,2692835.0
2024-06-27,34.2,34.21,33.6,33.86,,2208228.0
2024-06-28,34.08,34.34,34.01,34.15,,2919346.0
2024-07-01,34.29,34.65,33.86,33.9,,2378592.0
2024-07-02,33.87,34.27,33.62,34.26,,3082664.0
2024-07-03,34.33,34.6,34.27,34.55,,1599949.0
2024-07-05,34.5,34.6,34.17,34.32,,2677169.0
2024-07-08,34.5,34.53,34.27,34.3,,2052977.0
2024-07-09,34.13,35.04,34.13,34.96,,2376999.0
2024-07-10,35.07,35.26,34.95,35.09,,1767900.0
2024-07-11,35.27,35.67,35.2,35.41,,1913929.0
2024-07-12,35.53,35.88,35.47,35.5,,1533726.0
2024-07-15,35.56,36.06,35.47,35.76,,2844438.0
2024-07-16,35.86,36.64,35.79,36.49,,2818054.0
2024-07-17,36.41,37.26,35.77,37.21,,3206814.0
2024-07-18,37.13,37.7,36.84,36.86,,2395360.0
2024-07-19,36.84,36.99,36.58,36.65,,1900727.0
2024-07-22,36.68,36.86,36.21,36.8,,2300884.0
2024-07-23,36.69,36.91,36.26,36.83,,2073035.0
2024-07-24,36.84,37.07,36.58,36.85,,1634887.0
2024-07-25,36.88,37.17,36.71,36.83,,2443527.0
2024-07-26,37.01,37.44,36.73,37.27,,1850945.0
2024-07-29,37.4,37.64,37.18,37.54,,1576850.0
2024-07-30,37.59,38.3,37.52,38.17,,1921414.0
2024-07-31,38.09,38.2,37.78,37.79,,1982534.0
2024-08-01,38.01,38.21,37.46,37.52,,2462727.0
2024-08-02,37.54,37.73,36.96,37.07,,2132481.0
2024-08-05,36.54,36.8,35.85,36.12,,3708941.0
2024-08-06,36.62,38.73,36.61,38.56,,5088978.0
2024-08-07,38.92,39.55,38.57,38.97,,3467612.0
2024-08-08,38.84,39.23,38.27,39.04,,2743777.0
2024-08-09,39.17,39.27,38.91,39.07,,2618659.0
2024-08-12,39.03,39.21,38.54,38.58,,2456244.0
2024-08-13,38.66,38.93,38.6,38.73,,2814646.0
2024-08-14,38.61,38.94,38.6,38.81,,2517397.0
2024-08-15,39.2,39.36,38.57,38.74,,2453106.0
2024-08-16,39.51,39.58,39.19,39.28,,3230012.0
2024-08-19,39.32,39.58,39.2,39.44,,2646357.0
2024-08-20,39.29,39.86,39.24,39.81,,2322770.0
2024-08-21,39.8,40.16,39.69,40.15,,1662531.0
2024-08-22,40.24,40.64,40.15,40.5,,2412246.0
2024-08-23,40.62,40.89,40.48,40.74,,1590201.0
2024-08-26,40.75,41.13,40.71,40.81,,1902319.0
2024-08-27,40.73,40.84,40.58,40.77,,1675975.0
2024-08-28,40.75,41.06,40.72,40.96,,1515731.0
2024-08-29,40.92,41.15,40.76,40.8,,1802427.0
2024-08-30,40.92,41.16,40.76,41.1,,2377445.0
2024-09-03,40.99,41.16,40.59,40.76,,3745063.0
2024-09-04,40.83,41.58,40.83,41.18,,2511934.0
2024-09-05,41.32,41.4,40.4,40.42,,2234019.0
2024-09-06,40.41,40.7,40.13,40.31,,2558080.0
2024-09-09,40.08,40.45,39.75,40.06,,4603344.0
2024-09-10,40.0,40.19,39.79,39.89,,2429316.0
2024-09-11,39.82,39.87,38.97,39.4,,2862859.0
2024-09-12,39.51,39.52,38.72,38.91,,2407047.0
2024-09-13,39.08,39.69,39.08,39.66,,2987504.0
2024-09-16,39.57,40.07,39.34,39.71,,3128781.0
2024-09-17,39.74,40.87,39.74,40.53,,2946963.0
2024-09-18,40.47,41.14,40.44,40.6,,3579776.0
2024-09-19,40.95,40.97,40.37,40.48,,2871102.0
2024-09-20,40.8,41.2,40.2,40.21,,15009428.0
2024-09-23,40.44,41.12,40.29,41.11,,5505379.0
2024-09-24,41.12,42.45,41.06,42.32,,4366850.0
2024-09-25,42.25,42.38,41.73,41.98,,4046824.0
2024-09-26,42.01,42.35,41.87,42.3,,4166882.0
2024-09-27,42.43,42.63,42.18,42.27,,1858583.0
2024-09-30,42.33,42.51,42.1,42.33,,2410306.0
2024-10-01,42.23,42.54,41.64,42.32,,2128328.0
2024-10-02,42.07,42.47,41.92,41.99,,2033500.0
2024-10-03,41.89,42.0,41.55,41.9,,2127601.0
2024-10-04,42.06,42.32,41.77,41.81,,1612978.0
2024-10-07,41.81,41.81,41.13,41.62,,1985125.0
2024-10-08,41.46,41.83,41.31,41.58,,2455263.0
2024-10-09,41.5,41.95,41.47,41.74,,1847517.0
2024-10-10,41.68,41.71,41.24,41.35,,1588243.0
2024-10-11,41.48,41.8,41.35,41.39,,1797797.0
2024-10-14,41.56,41.61,41.3,41.55,,1242870.0
2024-10-15,41.64,42.24,41.56,41.83,,2177138.0
2024-10-16,41.78,42.2,41.74,42.08,,1286453.0
2024-10-17,41.96,42.59,41.95,42.57,,1667445.0
2024-10-18,42.85,42.85,42.38,42.47,,1275825.0
2024-10-21,42.38,42.53,41.95,42.05,,1578134.0
2024-10-22,42.06,42.33,42.02,42.23,,1236549.0
2024-10-23,42.13,42.38,41.83,41.86,,1626382.0
2024-10-24,41.92,42.02,41.59,41.71,,3851942.0
2024-10-25,42.1,42.4,41.62,41.71,,1354702.0
2024-10-28,42.02,42.14,41.77,42.01,,2027280.0
2024-10-29,42.01,42.23,41.76,42.0,,2425129.0
2024-10-30,41.99,42.37,41.77,42.03,,2748162.0
2024-10-31,42.14,42.36,41.85,42.0,,2729952.0
2024-11-01,42.09,42.2,41.78,41.88,,2934355.0
2024-11-04,45.63,45.82,42.7,43.0,,5996339.0
2024-11-05,43.15,43.91,42.78,43.6,,7832731.0
2024-11-06,45.09,45.55,44.35,45.48,,6281363.0
2024-11-07,45.26,45.52,44.53,44.67,,3742337.0
2024-11-08,44.44,44.98,44.15,44.6,,4643636.0
2024-11-11,44.73,45.81,44.73,45.79,,3728244.0
2024-11-12,45.86,46.97,45.72,46.9,,3651781.0
2024-11-13,47.11,47.11,46.14,46.73,,2518115.0
2024-11-14,47.08,47.59,46.98,47.48,,3787830.0
2024-11-15,47.51,47.57,45.57,45.64,,8087949.0
2024-11-18,45.51,45.85,45.3,45.38,,6035471.0
2024-11-19,45.02,45.77,44.82,45.76,,4026411.0
2024-11-20,45.68,45.84,45.26,45.7,,4910722.0
2024-11-21,45.7,46.81,45.48,46.64,,2510983.0
2024-11-22,46.62,47.09,46.52,46.85,,1967573.0
2024-11-25,47.14,47.2,45.84,46.08,,6238343.0
2024-11-26,46.29,46.31,45.91,46.15,,3916760.0
2024-11-27,46.16,46.91,46.06,46.71,,2103925.0
2024-11-29,46.83,47.35,46.75,47.12,,1456875.0
2024-12-02,47.12,47.13,46.63,46.77,,3322318.0
2024-12-03,46.82,46.97,46.21,46.41,,3142957.0
2024-12-04,46.41,46.47,46.09,46.3,,2542874.0
2024-12-05,46.25,46.68,46.19,46.65,,5140170.0
2024-12-06,46.65,47.04,46.4,47.0,,4230699.0
2024-12-09,47.18,47.23,45.78,46.23,,4293111.0
2024-12-10,46.18,46.74,46.14,46.37,,4985494.0
2024-12-11,46.48,46.53,45.91,46.07,,3279661.0
2024-12-12,46.28,47.58,46.22,47.34,,4106196.0
2024-12-13,47.26,47.67,47.0,47.08,,2063174.0
2024-12-16,47.13,47.3,46.06,47.06,,5059467.0
2024-12-17,47.69,49.3,47.33,49.07,,6273687.0
2024-12-18,49.46,50.63,49.28,49.43,,7956105.0
2024-12-19,49.19,49.56,48.41,48.84,,6317263.0
2024-12-20,48.97,49.63,48.22,49.53,,9511757.0
2024-12-23,49.24,49.83,48.72,49.45,,2306689.0
2024-12-24,49.6,50.0,49.38,49.99,,1324446.0
2024-12-26,49.66,50.12,49.61,49.83,,1591426.0
2024-12-27,49.83,49.87,49.18,49.47,,1255445.0
2024-12-30,49.28,49.28,48.53,48.84,,1692447.0
