ticker,side,event_date,close,line,gap_vs_line_pct,slope_yr_pct,days_since_anchor,vol_ratio20,atr_pct,runup_20d,dist_from_ath_pct,dollar_vol_m,attempt_no,touch_no,pierce_depth_pct,closed_above,event_date_ts,status,spy_ret_20d,spy_above_ma200,confidence,drivers
FLNG,under_touch,2026-08-11,29.15,28.87,0.96,39.9,29,1.73,2.52,-5.39,-23.77,7.84,,1.0,0.0,1.0,,מתקרב,2.491254671933807,1.0,67.5,משטר שוק (SPY>MA200) ↓ · מרחק מהשיא ↑
CHCT,under_touch,2026-08-11,15.07,15.07,0.01,17.2,4,0.9,3.97,-14.81,-71.32,4.97,,1.0,0.18,1.0,2026-08-11,2026-08-11,2.491254671933807,1.0,64.6,משטר שוק (SPY>MA200) ↓ · מרחק מהשיא ↑
ECVT,under_touch,2026-08-07,10.38,10.88,-4.63,73.9,1,1.33,4.61,-12.77,-39.97,13.38,,1.0,5.32,0.0,2026-08-07,2026-08-07,2.4253261805417425,1.0,63.7,משטר שוק (SPY>MA200) ↓ · מרחק מהשיא ↑
AMSF,under_touch,2026-08-10,28.14,28.99,-2.93,6.3,7,1.41,3.88,-20.26,-65.11,7.52,,1.0,3.34,0.0,2026-08-10,2026-08-10,3.184857909419758,1.0,62.2,משטר שוק (SPY>MA200) ↓ · מרחק מהשיא ↑
PRTA,under_touch,2026-08-07,8.76,8.08,8.36,69.3,5,0.86,4.64,-5.19,-89.02,4.91,,1.0,0.54,1.0,2026-08-07,2026-08-07,2.4253261805417425,1.0,61.8,משטר שוק (SPY>MA200) ↓ · ראן-אפ 20 יום ↑
LAND,under_touch,2026-08-10,8.13,8.09,0.45,1.8,6,1.19,2.33,-5.47,-80.69,5.06,,2.0,0.41,1.0,2026-08-10,2026-08-10,3.184857909419758,1.0,56.7,משטר שוק (SPY>MA200) ↓ · ראן-אפ 20 יום ↑
BOWL,under_touch,2026-08-10,6.55,6.66,-1.71,36.1,5,0.64,4.33,-10.88,-62.46,0.51,,2.0,2.16,0.0,2026-08-10,2026-08-10,3.184857909419758,1.0,56.5,משטר שוק (SPY>MA200) ↓ · מרחק מהשיא ↑
METCB,under_touch,2026-08-06,6.06,6.12,-1.08,4.1,1,1.23,8.75,-21.97,-71.95,0.38,,1.0,1.89,0.0,2026-08-06,2026-08-06,2.2415559191709455,1.0,56.5,משטר שוק (SPY>MA200) ↓ · מרחק מהשיא ↑
NNI,under_touch,2026-08-07,131.46,127.73,2.92,21.9,335,1.81,2.98,-1.54,-8.95,14.3,,2.0,1.52,1.0,2026-08-07,2026-08-07,2.4253261805417425,1.0,56.3,משטר שוק (SPY>MA200) ↓ · מרחק מהשיא ↑
KNF,under_touch,2026-08-10,67.52,66.0,2.3,23.7,4,1.31,5.99,-13.89,-37.96,49.87,,1.0,1.52,1.0,2026-08-10,2026-08-10,3.184857909419758,1.0,56.2,משטר שוק (SPY>MA200) ↓ · מחזור דולרי ↓
ASIX,under_touch,2026-08-07,16.48,15.13,8.91,10.4,179,2.95,6.94,-18.74,-71.14,4.02,,1.0,2.39,1.0,2026-08-07,2026-08-07,2.4253261805417425,1.0,56.1,משטר שוק (SPY>MA200) ↓ · מרחק מהשיא ↑
NXRT,under_touch,2026-08-11,24.68,24.63,0.2,8.6,98,1.24,3.18,-9.03,-74.03,6.74,,3.0,0.0,1.0,,מתקרב,2.491254671933807,1.0,56.0,משטר שוק (SPY>MA200) ↓ · ראן-אפ 20 יום ↑
EPRT,under_touch,2026-08-10,30.18,30.27,-0.3,28.6,35,0.8,2.07,-3.82,-13.47,46.9,,1.0,0.63,0.0,2026-08-10,2026-08-10,3.184857909419758,1.0,56.0,משטר שוק (SPY>MA200) ↓ · מחזור דולרי ↓
UVV,under_touch,2026-08-07,50.84,50.27,1.14,5.1,537,1.54,2.62,-1.51,-39.0,12.72,,2.0,0.17,1.0,2026-08-07,2026-08-07,2.4253261805417425,1.0,55.8,משטר שוק (SPY>MA200) ↓ · מרחק מהשיא ↑
RM,under_touch,2026-08-06,33.05,32.19,2.66,20.1,621,1.11,7.26,-22.24,-51.11,3.27,,2.0,0.17,1.0,2026-08-06,2026-08-06,2.2415559191709455,1.0,55.8,משטר שוק (SPY>MA200) ↓ · מרחק מהשיא ↑
IIIV,under_touch,2026-08-07,17.47,19.03,-8.22,6.2,60,5.19,6.92,-16.93,-53.84,5.91,,3.0,10.53,0.0,2026-08-07,2026-08-07,2.4253261805417425,1.0,55.5,משטר שוק (SPY>MA200) ↓ · מרחק מהשיא ↑
FCPT,under_touch,2026-08-11,24.53,24.39,0.56,10.7,168,0.69,2.18,-2.47,-24.52,18.25,,6.0,0.46,1.0,2026-08-11,2026-08-11,2.491254671933807,1.0,55.4,משטר שוק (SPY>MA200) ↓ · מרחק מהשיא ↑
VNDA,under_touch,2026-08-06,5.12,4.47,14.51,13.9,307,2.49,5.06,-19.83,-84.7,4.81,,1.0,0.43,1.0,2026-08-06,2026-08-06,2.2415559191709455,1.0,54.7,משטר שוק (SPY>MA200) ↓ · מחזור דולרי ↑
SAMG,under_touch,2026-08-11,10.03,9.75,2.83,7.3,16,0.93,4.31,-3.09,-56.77,0.6,,3.0,0.0,1.0,,מתקרב,2.491254671933807,1.0,53.6,משטר שוק (SPY>MA200) ↓ · מרחק מהשיא ↑
IVR,under_touch,2026-08-06,7.4,7.4,0.06,19.3,5,0.69,2.21,-7.15,-97.03,21.05,,2.0,0.49,1.0,2026-08-06,2026-08-06,2.2415559191709455,1.0,53.4,משטר שוק (SPY>MA200) ↓ · מרחק מהשיא ↓
MNRO,under_touch,2026-08-10,11.76,12.18,-3.45,7.1,6,1.37,7.91,-28.77,-86.89,11.93,,1.0,4.27,0.0,2026-08-10,2026-08-10,3.184857909419758,1.0,53.1,משטר שוק (SPY>MA200) ↓ · ראן-אפ 20 יום ↓
XAIR,under_touch,2026-08-07,5.36,5.36,-0.01,17.2,15,0.28,10.75,-35.73,-99.92,0.25,,3.0,0.01,0.0,2026-08-07,2026-08-07,2.4253261805417425,1.0,51.6,משטר שוק (SPY>MA200) ↓ · מרחק מהשיא ↓
GDOT,under_touch,2026-08-11,13.41,12.79,4.86,69.0,103,2.57,2.4,0.6,-85.58,5.08,,2.0,1.86,1.0,2026-08-11,2026-08-11,2.491254671933807,1.0,51.5,משטר שוק (SPY>MA200) ↓ · מחזור דולרי ↑
USNA,under_touch,2026-08-10,14.34,14.37,-0.2,17.8,2,1.81,10.72,-34.91,-89.6,2.35,,1.0,1.24,0.0,2026-08-10,2026-08-10,3.184857909419758,1.0,51.5,משטר שוק (SPY>MA200) ↓ · ראן-אפ 20 יום ↓
SBGI,under_touch,2026-08-11,13.67,13.57,0.74,17.7,93,0.96,5.03,-1.01,-79.47,7.79,,5.0,2.47,1.0,2026-08-11,2026-08-11,2.491254671933807,1.0,51.4,משטר שוק (SPY>MA200) ↓ · שיפוע הקו ↑
VRCA,under_touch,2026-08-07,5.08,5.08,-0.03,79.3,7,3.63,8.41,-18.85,-97.82,0.18,,1.0,7.51,0.0,2026-08-07,2026-08-07,2.4253261805417425,1.0,51.4,משטר שוק (SPY>MA200) ↓ · מרחק מהשיא ↓
TDS,under_touch,2026-08-07,32.98,33.28,-0.9,68.1,5,2.79,3.7,-3.4,-73.83,39.39,,1.0,5.32,0.0,2026-08-07,2026-08-07,2.4253261805417425,1.0,51.4,משטר שוק (SPY>MA200) ↓ · מחזור דולרי ↓
ADTN,under_touch,2026-08-07,7.56,7.43,1.71,27.0,502,0.61,10.24,-43.75,-84.15,19.3,,1.0,0.44,1.0,2026-08-07,2026-08-07,2.4253261805417425,1.0,51.4,משטר שוק (SPY>MA200) ↓ · ראן-אפ 20 יום ↓
ALHC,under_touch,2026-08-11,13.2,13.31,-0.8,59.5,7,0.81,9.47,-37.74,-53.83,74.53,,1.0,1.1,0.0,2026-08-11,2026-08-11,2.491254671933807,1.0,51.4,משטר שוק (SPY>MA200) ↓ · מחזור דולרי ↓
MQ,under_touch,2026-08-11,15.57,15.37,1.32,7.8,337,0.82,5.06,-3.47,-89.73,18.45,,8.0,0.0,1.0,,מתקרב,2.491254671933807,1.0,51.4,משטר שוק (SPY>MA200) ↓ · מחזור דולרי ↑
BKKT,under_touch,2026-08-11,7.37,7.15,3.13,11.6,17,1.55,6.88,-10.12,-99.42,6.99,,3.0,3.03,1.0,2026-08-11,2026-08-11,2.491254671933807,1.0,51.4,משטר שוק (SPY>MA200) ↓ · מרחק מהשיא ↓
INGN,under_touch,2026-08-07,6.05,6.01,0.67,14.6,124,2.45,5.21,-7.49,-97.9,1.48,,3.0,6.6,1.0,2026-08-07,2026-08-07,2.4253261805417425,1.0,51.4,משטר שוק (SPY>MA200) ↓ · מרחק מהשיא ↓
LZ,under_touch,2026-08-11,5.44,5.46,-0.44,1.2,93,0.87,10.79,-27.18,-86.71,16.36,,3.0,0.44,0.0,2026-08-11,2026-08-11,2.491254671933807,1.0,51.3,משטר שוק (SPY>MA200) ↓ · ראן-אפ 20 יום ↓
SG,under_touch,2026-08-07,5.4,5.26,2.62,11.7,94,2.45,8.75,-35.41,-90.39,38.41,,3.0,4.98,1.0,2026-08-07,2026-08-07,2.4253261805417425,1.0,51.3,משטר שוק (SPY>MA200) ↓ · מחזור דולרי ↓
CIM,under_touch,2026-08-06,11.86,12.36,-4.08,18.8,10,1.56,2.62,-9.53,-96.0,8.5,,2.0,5.54,0.0,2026-08-06,2026-08-06,2.2415559191709455,1.0,51.3,משטר שוק (SPY>MA200) ↓ · מרחק מהשיא ↓
CCOI,under_touch,2026-08-06,10.91,10.97,-0.51,6.9,14,2.7,9.32,-13.69,-95.79,13.31,,1.0,7.94,0.0,2026-08-06,2026-08-06,2.2415559191709455,1.0,51.3,משטר שוק (SPY>MA200) ↓ · מרחק מהשיא ↓
BLBD,under_touch,2026-08-10,65.33,65.6,-0.4,79.3,337,2.11,5.92,-14.67,-21.66,35.66,,4.0,3.41,0.0,2026-08-10,2026-08-10,3.184857909419758,1.0,51.3,משטר שוק (SPY>MA200) ↓ · מחזור דולרי ↓
VERA,under_touch,2026-08-11,30.29,29.77,1.75,63.0,4,1.01,5.68,-29.77,-45.96,57.31,,1.0,0.0,1.0,,מתקרב,2.491254671933807,1.0,51.3,משטר שוק (SPY>MA200) ↓ · מחזור דולרי ↓
PSFE,under_touch,2026-08-10,7.14,6.97,2.38,41.6,35,1.23,6.58,-12.5,-96.96,1.79,,3.0,0.06,1.0,2026-08-10,2026-08-10,3.184857909419758,1.0,51.2,משטר שוק (SPY>MA200) ↓ · מרחק מהשיא ↓
EBS,under_touch,2026-08-06,5.31,7.12,-25.45,91.4,4,5.11,7.38,-35.09,-96.14,4.43,,1.0,28.96,0.0,2026-08-06,2026-08-06,2.2415559191709455,1.0,51.0,משטר שוק (SPY>MA200) ↓ · מרחק מהשיא ↓
TWO,under_touch,2026-08-11,11.99,11.74,2.13,98.2,102,2.15,0.37,-0.99,-90.92,43.26,,2.0,0.0,1.0,,מתקרב,2.491254671933807,1.0,49.5,משטר שוק (SPY>MA200) ↓ · מחזור דולרי ↓
